config,payload_bytes,phase,offered_per_s,repetitions,stable_votes,achieved_per_s_mean,achieved_per_s_min,achieved_per_s_max,error_rate_mean,p50_ms,p90_ms,p95_ms,p99_ms,p999_ms,max_ms,leader_cpu_pct,leader_cpu_us_per_op,leader_elu,cluster_log_fsync_per_s,cluster_meta_saves_per_s,leader_append_entries_per_s,entries_per_append,entries_per_fsync,replication_bytes_per_op,client_bytes_per_op
baseline,64,ladder,100,3,3,100,100,100,0,4.795,23.583,27.615,31.471,38.559,125.492,20.767,2075.2,0.403,258.567,243.867,158.567,1.313,1,1824.467,517.033
baseline,64,knee-fraction,150,3,3,150.067,150,150.1,0,19.967,31.823,35.295,42.399,59.007,74.38,24.467,1629.933,0.658,324.2,276.767,174.333,1.966,1,1232.1,517.4
baseline,64,ladder,200,3,3,200.133,199.9,200.4,0,4.579,52.479,56.863,65.087,74.239,83.152,25.467,1272.133,0.651,448,394.2,248,2.686,1,1259.733,517.633
baseline,64,knee-fraction,240,3,3,240.267,240.1,240.4,0,25.135,57.983,62.399,69.759,77.311,93.188,29.833,1241.367,0.79,448.1,337.767,208.2,3.539,1,954.733,517.467
baseline,64,ladder,300,3,3,299.467,299.4,299.6,0,6.807,81.343,89.023,99.583,106.687,121.139,33.2,1110.533,0.743,585.733,443.633,285.7,4.727,1,1012.167,518.733
baseline,64,ladder,500,3,0,470.367,453.6,497.3,0,957.439,2234.367,2342.911,2519.039,2662.399,2713.582,21.567,450.467,0.951,585.467,186.8,114.933,43.227,1,460.867,518.8
baseline,64,ladder,750,3,0,647.5,563.2,811,0,3487.743,7225.343,8228.863,9330.687,9527.295,9565.883,21.3,324.967,0.995,704.333,96.9,56.9,35.632,1,357.7,518.967
baseline,1024,ladder,100,5,5,99.98,99.9,100,0,4.267,13.087,13.479,14.287,16.943,31.077,20.44,2042.94,0.275,278.38,269.4,178.34,1.121,1,4040.9,1479.38
baseline,1024,ladder,200,5,5,200.08,200,200.3,0,4.311,23.967,30.863,37.375,43.871,58.79,35.52,1775.4,0.518,510.66,493.56,310.72,1.344,1,3484.9,1478.9
baseline,1024,knee-fraction,250,5,5,250.32,250,250.7,0,43.039,66.623,71.871,80.895,89.535,97.586,29.76,1187.88,0.845,429.22,293.9,179.3,4.586,1,2755.16,1477.62
baseline,1024,ladder,300,5,5,299.74,299.4,300,0,5.867,8.439,9.367,40.895,57.951,68.438,42,1401.22,0.637,688.82,598.26,388.88,1.543,1,3188.34,1480.66
baseline,1024,knee-fraction,400,5,5,399.42,396.9,401.4,0,99.839,217.855,242.047,277.759,360.191,404.972,28.8,718.96,0.931,539.94,235.28,140.08,17.579,1,2461.8,1481.14
baseline,1024,ladder,500,5,3,501.62,489.9,518.8,0,6.675,982.527,1420.287,1768.447,1874.943,1920.187,36.2,722.9,0.847,826.7,521.44,325.5,3.728,1,2670.92,1479.38
baseline,1024,ladder,750,5,0,663.82,486.4,811,0.069,2623.487,6762.495,8323.071,9805.823,10002.431,10020.601,31.82,473.32,0.998,805.68,271.56,140.6,29.67,1,2361.82,1483.42
baseline,1024,ladder,1000,5,0,636.8,284.2,1084.8,0.336,5500.927,9019.391,9609.215,10002.431,10002.431,10027.195,24.76,411.42,1,713.62,114.94,61.04,51.025,1,2358.62,1526.96
baseline,16384,ladder,100,3,3,100,100,100,0,4.219,5.931,13.727,14.087,14.935,16.656,21.433,2143.733,0.28,281,272.833,181,1.105,1,34792.067,16840.433
baseline,16384,knee-fraction,150,3,3,150,149.9,150.1,0,18.111,29.679,31.919,36.799,42.815,55.583,24.4,1628.3,0.639,322.5,273.867,172.5,1.853,1,33846.733,16827.833
baseline,16384,ladder,200,3,3,200.067,199.9,200.3,0,36.319,54.111,56.767,63.135,68.287,72.66,23.267,1164.767,0.925,307.8,194,107.833,4.131,1,33326.667,16832.667
baseline,16384,knee-fraction,240,3,2,239.833,239.6,240,0,7.143,48.895,53.023,60.095,66.367,70.463,39.7,1654.533,0.703,512.5,424.7,272.5,2.162,1,33802.467,16851.333
baseline,16384,ladder,300,3,3,300.367,299.9,301.1,0,9.191,92.799,102.527,117.311,131.711,138.941,36.767,1223.267,0.811,526.8,360.467,226.833,5.676,1,33459.667,16812.2
baseline,16384,ladder,500,3,0,495.5,476.6,527.9,0,9.175,2314.239,2568.191,2789.375,2881.535,2927.179,42.767,878.167,0.929,734.033,401.867,235.767,9.8,1,33329.533,16943.933
baseline,16384,ladder,750,3,0,601.4,411.9,700.9,0.155,3901.439,8007.679,8953.855,10002.431,10002.431,10013.848,38.2,628.833,1,694.3,170.833,87.3,44.789,1,33211.033,17010.967
group-commit,1024,ladder,100,5,5,100,100,100,0,2.217,4.691,5.355,12.735,15.063,18.297,17.08,1706.36,0.227,292.4,27.62,192.4,1.039,1,4294.14,1479.32
group-commit,1024,ladder,200,5,5,199.98,199.9,200,0,1.916,4.731,7.047,9.895,14.023,104.999,22.68,1133.76,0.375,576.6,28.48,376.84,1.062,1.001,3933.44,1479.44
group-commit,1024,ladder,300,5,5,299.96,299.9,300.1,0,6.051,9.799,10.951,13.511,16.183,20.459,24.22,807.32,0.709,688.64,28.28,392.64,1.596,1.013,3193.88,1479.62
group-commit,1024,ladder,500,5,5,500.02,499.9,500.1,0,1.642,10.103,11.439,14.047,17.071,47.545,36.58,731.2,0.76,1103.32,28.78,681.54,1.803,1.228,3289.24,1479.54
group-commit,1024,ladder,750,5,5,749.86,749.6,750.2,0,8.599,11.903,13.103,15.319,18.479,23.821,32.18,429.46,0.967,796.12,28.14,426.74,3.738,2.086,2632.52,1480.72
group-commit,1024,ladder,1000,5,5,1000.14,999.9,1000.4,0,9.207,12.879,14.231,17.487,31.535,45.665,36.46,364.64,0.978,828.06,28.16,421.56,5.235,2.696,2513.88,1481.08
group-commit,1024,ladder,1500,5,5,1500.56,1500.1,1501,0,9.335,13.007,14.335,17.231,22.831,34.874,46.6,310.48,1,992.06,28.28,492.04,7.062,3.566,2447.54,1480.78
group-commit,1024,ladder,2000,5,5,2000.16,1999.1,2000.7,0,9.223,13.087,14.415,16.959,21.311,31.597,52.84,264.28,1,1090.2,28.46,553.22,7.846,4.051,2413.22,1481.52
group-commit,1024,knee-fraction,3000,5,5,2999.68,2998.4,3000.1,0,9.887,14.983,16.447,19.551,35.231,62.804,62.86,209.54,1,870.8,28.4,446.2,15.933,8.405,2326,1481.68
group-commit,1024,ladder,3000,5,5,3000.98,2998.6,3002.4,0,10.815,14.575,15.783,18.255,22.207,27.918,51.22,170.54,1,763.24,28.24,392.5,16.836,8.934,2312.38,1480.78
group-commit,1024,ladder,4000,5,5,4001.18,4000,4001.8,0,5.415,14.551,16.055,18.719,21.919,30.893,68.8,171.9,1,1039.96,28.6,542,16.163,8.806,2316.14,1481.12
group-commit,1024,knee-fraction,4800,5,4,4768.12,4630.9,4807.6,0,13.703,21.951,344.831,1007.103,1176.575,1233.103,71.58,150.06,1,661.82,28.04,348.28,34.041,19.8,2274.6,1482.12
group-commit,1024,ladder,5000,5,5,5000.72,4999.4,5001.9,0,13.439,18.127,19.535,22.447,27.263,41.255,64.7,129.38,1,703.88,28.14,372.14,32.885,19.149,2274.96,1481.74
group-commit,1024,ladder,6000,5,5,5999.02,5995.6,6000.6,0,16.847,23.311,25.215,28.911,34.527,46.604,68.4,114,1,550.3,27.84,293.72,49.031,29.052,2258.38,1482.42
group-commit,1024,ladder,8000,5,1,7305.56,6511,7999.6,0,1267.711,4059.135,4759.551,5062.655,5206.015,5237.361,75.66,103.44,0.997,436.34,27.8,266.1,58.253,50.821,2249.68,1483.02
group-commit,1024,ladder,10000,5,2,8395.3,6910.8,10132.3,0,3368.959,7831.551,7954.431,8888.319,9093.119,9129.042,82.4,98.8,0.995,403.8,27.74,261.08,64.361,58.292,2234.4,1482.86
pipeline-only,1024,knee-fraction,100,5,4,99.9,99.5,100,0,14.735,111.807,188.799,226.175,243.071,285.723,20.38,2040.68,0.68,295.86,259.8,197.06,1.052,1,3988.32,1480.6
pipeline-only,1024,ladder,100,5,5,100,100,100,0,4.307,7.315,18.463,36.063,50.495,52.757,22.94,2290.86,0.347,299.9,294.78,200,1.001,1,4179.86,1478.88
pipeline-only,1024,knee-fraction,160,5,5,161.24,160,162.8,0,265.471,393.983,407.551,432.639,452.095,630.902,18.96,1165.8,0.807,332.14,289.3,172.38,2.306,1,3072.92,1462.1
pipeline-only,1024,ladder,200,5,5,199.62,198.2,200,0,319.999,448.767,479.487,498.943,522.239,729.563,23.02,1151.46,0.802,410.76,322.38,211.26,3.242,1,3108.08,1477.84
pipeline-only,1024,ladder,300,5,1,291.96,260.7,315.3,0,6.399,2347.007,3121.151,3502.079,3627.007,3646.004,35.82,1234.74,0.887,657.28,433.24,365.48,3.697,1,3370.38,1487.02
pipeline-only,1024,ladder,500,5,0,421.72,312.6,523.6,0.123,3981.311,8568.831,9420.799,10002.431,10002.431,10027.681,26.54,631.46,1,591.8,305.6,167.8,6.473,1,2490.32,1486.92
batch-only,1024,ladder,100,5,5,100,100,100,0,4.787,21.359,24.527,28.543,34.303,38.858,20.2,2018.46,0.385,262.58,247.88,162.58,1.253,1,3773.62,1478.92
batch-only,1024,ladder,200,5,5,200.06,199.9,200.3,0,4.519,33.759,38.847,45.311,53.439,156.614,30.08,1503.62,0.56,495.16,472.74,295.28,1.39,1,3427.04,1478.84
batch-only,1024,knee-fraction,250,5,5,250.08,249.9,250.4,0,16.527,55.807,61.055,69.055,86.783,109.814,28.96,1157.64,0.782,468.96,359.02,226.14,3.832,1,2833.06,1478.74
batch-only,1024,ladder,300,5,5,300.34,299.9,300.6,0,7.531,58.815,69.951,84.159,97.919,119.282,30.6,1018.04,0.766,569.38,421.56,269.58,3.661,1,2889.6,1477.42
batch-only,1024,knee-fraction,400,5,3,398.86,398.1,399.9,0,15.951,86.527,98.815,121.535,148.351,166.234,36.58,917.44,0.901,616.3,361.7,216.4,6.825,1,2593.66,1483.26
batch-only,1024,ladder,500,5,4,502.06,493.3,508.7,0,110.911,778.239,895.999,973.311,1007.615,1038.339,22.9,458.68,0.958,617.36,185.36,115.9,29.291,1,2379.62,1478.86
batch-only,1024,ladder,750,5,0,783.64,681.7,814.8,0,428.287,4460.543,5144.575,6176.767,6406.143,6471.559,37.22,479.36,1,961.42,354.24,180.44,14.06,1,2378.12,1476.84
batch-only,1024,ladder,1000,5,0,818.04,520.4,1049,0.134,3301.375,8413.183,9347.071,10002.431,10002.431,10021.909,33.7,397.64,1,926.94,203.04,103.46,50.303,1,2306.38,1492.3
group-batch,1024,ladder,100,5,5,100,100,100,0,2.031,2.845,3.809,12.295,13.303,14.111,16.22,1619.22,0.189,291.4,27.6,191.46,1.044,1,4304.78,1479.26
group-batch,1024,ladder,200,5,5,199.98,199.9,200,0,1.945,4.979,7.735,9.975,13.815,18.285,22.96,1149.22,0.38,572.94,28.42,373.04,1.073,1,3823.88,1479.7
group-batch,1024,ladder,300,5,5,300.04,299.9,300.1,0,1.799,8.327,9.351,11.703,14.863,141.259,32.92,1096.62,0.534,808.02,28.8,509.42,1.207,1.005,3592.06,1479.34
group-batch,1024,ladder,500,5,5,500.06,499.9,500.3,0,1.643,9.855,11.231,13.423,16.767,20.137,38.1,762.16,0.737,1152.04,28.92,714.4,1.707,1.183,3316.04,1479.98
group-batch,1024,ladder,750,5,5,750.04,749.7,750.3,0,7.915,11.999,13.015,15.775,65.215,177.29,36.96,492.7,0.94,982.14,28.34,548.66,3.199,1.852,2768.46,1480.9
group-batch,1024,ladder,1000,5,5,999.86,999.4,1000.3,0,3.103,11.831,13.039,16.479,33.951,71.001,46.6,466.04,0.932,1408.36,28.74,727.16,3.824,1.953,2721.76,1480.98
group-batch,1024,ladder,1500,5,5,1500.08,1499.3,1500.6,0,8.279,12.935,14.031,16.655,19.727,26.279,48.72,324.78,1,1172.28,28.5,586.86,6.528,3.27,2491.48,1481.3
group-batch,1024,ladder,2000,5,5,2000.6,1999.5,2001.8,0,9.391,13.367,14.359,16.703,20.095,123.439,45.82,229.08,1,901.92,28.28,452.4,8.984,4.52,2378.06,1480.98
group-batch,1024,knee-fraction,3000,5,5,2999.52,2997.8,3000.9,0,4.099,13.455,14.871,17.887,21.807,32.294,66.08,220.3,1,1333.82,28.88,667.5,10.868,5.467,2376.36,1481.7
group-batch,1024,ladder,3000,5,5,3000.72,3000,3001.7,0,7.999,13.615,14.535,16.783,19.951,26.74,56.98,189.8,1,1164.54,28.68,583.86,12.989,6.567,2356.42,1481.26
group-batch,1024,ladder,4000,5,5,4001.48,3999.8,4002.9,0,10.367,15.359,16.543,19.311,23.151,31.901,57.06,142.6,1,928.92,28.3,466.08,19.347,9.771,2302.42,1480.6
group-batch,1024,knee-fraction,4800,5,5,4800.14,4799.3,4800.6,0,12.775,17.871,19.567,24.143,68.095,96.042,62.24,129.58,1,678.14,28.06,340.56,33.694,17.113,2272.6,1481.76
group-batch,1024,ladder,5000,5,5,4998.96,4997.5,5000.4,0,12.423,16.799,18.079,20.767,24.271,29.607,58.7,117.42,1,694.82,28.06,348.72,34.632,17.517,2272.18,1482.16
group-batch,1024,ladder,6000,5,5,6000.22,5998.6,6002,0,5.803,16.431,17.919,20.943,25.247,32.186,73.78,122.96,1,993.58,28.6,497.76,30.621,15.466,2281.64,1482.28
group-batch,1024,ladder,8000,5,2,7425.7,6192.6,8419.7,0,83.391,5464.063,6242.303,7196.671,7557.119,7576.179,72.88,97.16,0.9,590.98,26.7,309.26,57.473,35.567,2253.6,1483.18
group-batch,1024,ladder,10000,5,4,9417.72,6689.6,10333,0.052,10.631,7806.975,10002.431,10002.431,10010.623,10031.048,84.64,89.34,0.961,609.42,27.74,316.96,62.651,36.237,2247.98,1482.78
group-batch,1024,ladder,12000,5,0,10352.18,8058.1,11437.5,0.037,1717.247,4988.927,8970.239,10002.431,10002.431,10033.261,88.94,85.92,0.956,430.78,27.24,251.34,82.348,57.089,2223.58,1483
group-batch,1024,ladder,15000,5,0,8533.58,0,11609.5,0.28,6729.727,10002.431,10002.431,10002.431,10002.431,10030.686,94.15,88.4,0.993,489.725,27.975,265.075,80.568,47.524,2243.3,1483.8
group-batch-pipeline,1024,ladder,100,5,5,100,100,100,0,1.996,2.445,2.797,3.479,5.303,9.286,15.78,1579.6,0.189,299.94,27.7,199.88,1,1,4349.52,1478.6
group-batch-pipeline,1024,ladder,200,5,5,199.96,199.9,200,0,1.772,4.355,4.715,8.615,11.479,15.804,23.78,1189.2,0.338,598.8,28.54,399.82,1,1,4005.82,1479.52
group-batch-pipeline,1024,ladder,300,5,5,299.94,299.9,300,0,1.887,9.087,10.199,12.783,15.591,21.631,31.06,1035.12,0.627,877.28,28.72,596.18,1.007,1.024,3762.96,1480.1
group-batch-pipeline,1024,ladder,500,5,5,499.94,499.8,500.1,0,1.533,10.111,11.495,14.871,17.759,22.376,41,820.14,0.724,1275.3,28.94,929.68,1.085,1.249,3582.96,1480.46
group-batch-pipeline,1024,ladder,750,5,5,750.06,749.9,750.4,0,8.679,13.207,14.711,17.615,22.159,37.858,48.9,651.6,0.938,1330.94,28.54,1095.16,1.432,2.083,3274.98,1480.36
group-batch-pipeline,1024,ladder,1000,5,5,1000,999.7,1000.3,0,10.311,14.279,15.735,18.735,26.575,47.863,44.16,441.6,0.998,908.66,28.04,917.78,2.205,3.783,2856.02,1481.36
group-batch-pipeline,1024,ladder,1500,5,5,1500.42,1500.2,1500.9,0,9.287,14.319,15.831,18.687,21.951,33.156,65.1,433.84,1,1656.38,28.7,1530.32,2.019,4.908,2926.48,1480.92
group-batch-pipeline,1024,ladder,2000,5,5,2000.18,1999.6,2000.5,0,12.287,16.079,17.391,19.967,27.983,70.037,56.78,283.82,1,1085.64,28.26,1089.06,4.044,9.397,2601.78,1481
group-batch-pipeline,1024,knee-fraction,3000,5,5,2999.88,2999.7,3000.3,0,15.063,19.935,21.599,25.887,35.679,47.732,73.86,246.2,1,1189.32,28.34,1210.5,5.287,19.87,2512.84,1481.74
group-batch-pipeline,1024,ladder,3000,5,5,3000.64,3000.1,3001,0,13.663,17.327,18.751,21.807,27.919,44.055,69.74,232.36,1,1295.18,28.44,1307.04,5.103,17.637,2526.98,1480.98
group-batch-pipeline,1024,ladder,4000,5,5,4000.28,3999.2,4001.2,0,16.255,20.319,21.679,24.463,28.175,33.743,71.06,177.6,1,1094.54,28.3,1129.5,7.75,28.394,2426.3,1481.5
group-batch-pipeline,1024,knee-fraction,4800,5,5,4800.02,4797.6,4802.2,0,19.439,24.911,27.359,35.359,56.351,65.834,86.16,179.48,1,1166.44,28.54,1165.46,8.389,43.459,2404.84,1481.78
group-batch-pipeline,1024,ladder,5000,5,5,5000.08,4999.4,5001,0,18.479,22.767,24.207,27.391,32.751,78.155,79.26,158.46,1,1150.62,28.42,1162.76,9.607,42.32,2390.88,1481.66
group-batch-pipeline,1024,ladder,6000,5,5,6000.04,5998.3,6002,0,20.575,25.279,26.767,31.087,40.351,45.802,89.86,149.74,1,1157.2,28.58,1106.78,12.006,54.88,2357.38,1482.28
group-batch-pipeline,1024,ladder,8000,5,1,7403.04,6795.6,8393,0,1861.631,3866.623,4198.399,4374.527,4460.543,4481.539,79.38,106.88,1,728.12,28.06,601.48,28.845,52.515,2289.66,1482.64
group-batch-pipeline,1024,ladder,10000,5,1,8664.78,7079.4,10031.8,0,1286.143,5603.327,7675.903,9330.687,9691.135,9749.378,83.6,96.46,0.998,653.82,28.18,494.6,35.472,51.005,2278.66,1483.34
optimized-http,64,ladder,100,3,3,100,100,100,0,2.063,4.843,5.127,8.367,11.335,18.963,14.7,1469.3,0.228,299.967,27.6,199.933,1,1,2433.567,517.433
optimized-http,64,ladder,200,3,3,199.967,199.9,200,0,1.816,4.507,4.763,9.471,13.823,14.51,21.6,1079.533,0.387,597.433,28.533,399.567,1.001,1.001,2064.967,517.767
optimized-http,64,ladder,300,3,3,300,300,300,0,1.588,1.962,2.203,2.887,5.091,15.602,34.167,1138.167,0.411,899.733,29.167,599.8,1,1,1955.667,517.767
optimized-http,64,ladder,500,3,3,500.067,499.9,500.2,0,7.299,10.383,11.727,14.407,18.015,22.843,33.733,674.367,0.837,1136.733,28.733,883.9,1.132,1.344,1592.167,518.167
optimized-http,64,ladder,750,3,3,750,750,750,0,1.43,9.167,10.223,13.015,15.895,21.147,47.433,632.267,0.847,1801.967,29,1241.267,1.349,1.492,1549.6,518.867
optimized-http,64,ladder,1000,3,3,999.833,999.5,1000,0,7.719,11.943,13.543,17.311,32.079,48.315,54.2,542.067,0.999,1631.5,28.7,1310.5,1.672,2.418,1200.367,519.133
optimized-http,64,ladder,1500,3,3,1499.967,1499.8,1500.1,0,10.471,14.183,15.599,18.447,22.239,34.258,46.367,309.2,1,1003.133,28.1,1025.833,3.017,5.833,772.1,519.6
optimized-http,64,ladder,2000,3,3,1999.833,1999.5,2000.2,0,9.103,13.759,15.327,18.863,23.487,31.12,73.267,366.3,1,2087.1,29.033,2041,1.969,7.988,1002.467,519.767
optimized-http,64,knee-fraction,3000,3,3,3000.033,2998.8,3001.2,0,14.359,20.607,25.727,33.247,38.527,48.766,67.133,223.7,1,1084.9,28.233,1129.733,5.973,18.661,562.3,519.667
optimized-http,64,ladder,3000,3,3,3000.233,2999.7,3000.5,0,12.207,15.567,16.927,20.015,24.543,28.801,71.3,237.667,1,1640.267,28.7,1638.467,4.343,16.16,678.067,519.933
optimized-http,64,ladder,4000,3,3,4000.367,4000.1,4000.7,0,13.559,17.135,18.607,21.855,27.247,32.884,67.067,167.667,1,1235.7,28.333,1281.233,6.723,23.059,524.3,520
optimized-http,64,knee-fraction,4800,3,3,4799.867,4797.9,4801.6,0,17.519,25.071,32.639,48.319,59.807,65.295,76.367,159.067,1,983.767,28.267,1032.1,9.818,37.517,452.867,520.067
optimized-http,64,ladder,5000,3,3,5000.3,4998.9,5002.4,0,15.391,18.959,20.447,23.855,29.151,39.543,76.6,153.2,1,1331.733,28.567,1348.9,8.313,33.925,489.867,520.367
optimized-http,64,ladder,6000,3,3,6000.067,5998.9,6001.8,0,16.895,20.463,21.855,25.135,31.151,38.892,86,143.267,1,1553.4,28.9,1515.633,8.116,47.257,479.233,520.4
optimized-http,64,ladder,8000,3,1,7679.033,7499.1,7997.9,0,901.119,1633.279,1768.447,1822.719,1838.079,1848.034,76.967,99.7,1,920.5,28.233,796.567,25.611,53.412,375.433,520.833
optimized-http,64,ladder,10000,3,2,9416.867,7934.4,10323.9,0,25.199,5767.167,6705.151,7364.607,7475.199,7485.323,86.433,91.133,1,1064.667,28.767,905.333,23.766,53.513,370.467,521.167
optimized-http,64,ladder,12000,3,0,8496.433,7683.7,10069,0.246,6049.791,10002.431,10002.431,10002.431,10018.815,10033.773,69.367,81.533,0.999,628.9,27.967,485.767,34.92,51.574,345.5,521.1
optimized-http,64,ladder,15000,3,0,8619.633,0,12930.9,0.333,3381.247,5046.271,5156.863,6529.023,6803.455,6856.822,94.2,72.8,0.996,808.6,27.7,595.15,44.229,53.622,324,521.35
optimized-http,1024,ladder,100,5,5,100,100,100,0,1.974,2.393,2.759,3.361,4.715,9.027,14.74,1471.9,0.185,299.98,27.7,199.92,1,1,4360.34,1478.86
optimized-http,1024,ladder,200,5,5,200,200,200,0,1.69,2.008,2.207,2.915,4.771,17.909,25.34,1268.08,0.284,599.74,28.86,399.82,1,1,4043.66,1479.32
optimized-http,1024,ladder,300,5,5,299.96,299.9,300.1,0,1.788,7.907,9.231,11.799,15.239,23.233,33.36,1112.06,0.577,884.28,28.78,597.96,1.003,1.015,3796.04,1479.9
optimized-http,1024,ladder,500,5,5,499.94,499.8,500.1,0,1.39,8.863,9.903,12.903,16.151,22.229,42.64,852.92,0.652,1376.02,29.12,960.34,1.049,1.148,3706.74,1480.42
optimized-http,1024,ladder,750,5,5,750.04,749.8,750.3,0,8.527,12.159,13.599,16.447,25.023,42.096,44.68,595.8,0.935,1277.9,28.52,1075.38,1.416,1.894,3248.52,1480.76
optimized-http,1024,ladder,1000,5,4,999.94,999.2,1000.4,0,9.543,16.687,1849.343,5181.439,5922.815,5991.942,50.94,509.56,0.996,1357.18,26.76,1130.04,2.142,3.666,3012.02,1481.36
optimized-http,1024,ladder,1500,5,5,1499.8,1499.3,1500.2,0,5.991,13.775,15.279,18.335,21.615,25.6,67.8,451.94,1,1906.78,28.92,1697.5,1.83,4.09,3007.48,1481.44
optimized-http,1024,ladder,2000,5,5,2000.32,1999.7,2001,0,10.655,14.743,16.215,19.327,23.455,32.228,70.68,353.16,1,1720.58,28.72,1699.56,2.405,8.683,2812.96,1481.26
optimized-http,1024,knee-fraction,3000,5,5,2999.86,2999.6,3000.3,0,13.519,17.503,19.039,22.143,26.879,33.614,66.14,220.5,1,1223.2,28.38,1262.08,5.642,17.29,2516.42,1481.42
optimized-http,1024,ladder,3000,5,5,2999.84,2999.3,3000.7,0,13.255,16.927,18.399,21.023,24.879,34.452,57.16,190.52,1,944.38,28.08,1013.98,6.429,16.235,2460.24,1481.64
optimized-http,1024,ladder,4000,5,5,3999.9,3999.3,4000.3,0,14.383,17.871,19.151,21.711,25.775,32.386,76.88,192.04,1,1594.52,28.76,1574.2,5.658,26.071,2494.28,1481.32
optimized-http,1024,knee-fraction,4800,5,5,4799.82,4798.9,4801,0,17.679,23.423,26.175,42.367,82.751,93.48,76.42,159.32,1,986.12,28.22,1031.6,10.387,38.077,2390.64,1482.4
optimized-http,1024,ladder,5000,5,5,4999.42,4997.1,5000.5,0,16.447,20.175,21.503,24.687,30.719,47.049,80.16,160.26,1,1323.76,28.58,1330.9,8.556,37.354,2414.52,1481.96
optimized-http,1024,ladder,6000,5,5,6000.64,5999.8,6001.1,0,18.735,23.727,25.167,27.951,32.991,38.998,75.04,125.06,1,853.22,28.06,873.74,14.882,48.338,2339.56,1482.5
optimized-http,1024,ladder,8000,5,1,7611.8,7280.9,8001.3,0,1487.871,2447.359,2637.823,2992.127,3057.663,3079.672,78,102.18,1,734.74,28.18,605.7,28.671,52.196,2285.62,1483.04
optimized-http,1024,ladder,10000,5,2,8350.42,6974.3,10000.9,0.02,2056.191,8302.591,9158.655,10002.431,10002.431,10032.466,79.88,95.64,0.999,707.66,28.16,562.68,30.739,51.454,2287.78,1482.72
optimized-http,16384,ladder,100,3,3,100,100,100,0,2.165,3.527,4.299,5.623,8.783,11.337,23.033,2302.167,0.228,299.767,27.167,199.833,1,1,35023.3,16826.533
optimized-http,16384,ladder,200,3,3,199.967,199.9,200,0,4.511,7.847,9.087,12.095,17.295,21.417,26.867,1343.967,0.563,595.467,28.133,399.533,1.001,1.001,34570.6,16835.267
optimized-http,16384,ladder,300,3,3,299.933,299.9,300,0,1.986,9.775,10.743,13.647,17.151,20.952,40.7,1357.967,0.6,862.767,28.767,582.8,1.031,1.047,34509.833,16841.767
optimized-http,16384,ladder,500,3,3,500.033,499.9,500.3,0,7.507,11.991,13.639,16.527,19.887,24.26,47.967,959.3,0.833,1138.033,28.667,892.067,1.131,1.431,34275.167,16837.5
optimized-http,16384,ladder,750,3,3,750.167,750,750.5,0,10.063,15.071,16.767,20.063,24.207,31.754,60.533,807.167,0.947,1352.267,28.5,1087.7,1.466,2.309,33982.3,16835.367
optimized-http,16384,ladder,1000,3,3,999.767,999.4,1000,0,12.319,17.311,19.023,23.375,39.423,67.521,64,640.033,1,1135.5,28.3,1038.933,2.148,4.318,33708.7,16843.167
optimized-http,16384,knee-fraction,1500,3,3,1500.567,1500.2,1500.8,0,15.687,22.607,24.719,29.119,40.927,55.242,80.6,537.167,1,1055.067,28.333,1053.6,3.074,9.051,33511.567,16835.133
optimized-http,16384,ladder,1500,3,3,1500.6,1500.3,1501.2,0,16.479,22.511,24.607,29.615,40.223,53.751,71.7,477.567,1,807.567,27.9,862.133,3.688,10.259,33376.8,16831.1
optimized-http,16384,ladder,2000,3,3,1999.967,1998.8,2000.9,0,21.599,29.151,31.935,47.167,92.607,109.089,78.4,391.8,1,603.2,27.767,690.667,5.9,18.702,33478.4,16832.133
optimized-http,16384,knee-fraction,2400,3,3,2399.2,2397.9,2399.9,0,22.079,34.463,39.935,57.375,89.215,101.972,100,416.767,1,980.967,28.5,1024.033,4.973,25.731,33757.567,16844.467
optimized-http,16384,ladder,3000,3,3,3012.633,2998.9,3040.1,0,38.975,62.239,80.831,170.879,259.327,281.003,95.133,315.733,1,476.8,27.2,496.467,14.758,46.829,35228.4,16836.133
optimized-http,16384,ladder,4000,3,0,3517.433,3216.8,3714.3,0,2205.695,5259.263,5840.895,6184.959,6279.167,6311.662,95.133,270.367,1,271.367,26.267,216,33.416,49.306,33770.333,16843.533
optimized-http,16384,ladder,5000,3,0,3341,3276.9,3430.6,0.184,8077.311,9994.239,10002.431,10002.431,10018.815,10031.973,89.933,269.333,1,249.667,25.9,201.133,34.04,49.369,33784.367,16838.733
optimized-binary,64,ladder,100,3,3,100,100,100,0,1.544,2.677,4.067,4.691,9.671,19.587,7.833,784.1,0.14,299.833,27.7,199.867,1,1,756.167,517.167
optimized-binary,64,ladder,200,3,3,199.967,199.9,200,0,1.492,4.415,4.843,8.799,11.135,30.855,14.467,722.733,0.323,598.9,28.433,399.9,1,1,666.533,517.967
optimized-binary,64,ladder,300,3,3,300.033,300,300.1,0,5.407,9.303,10.263,13.239,16.047,19.032,17.167,572.067,0.669,859.233,28.433,586.967,1.022,1.03,609.567,517.567
optimized-binary,64,ladder,500,3,3,499.933,499.9,500,0,1.056,8.319,9.407,12.039,15.615,25.418,22.2,443.8,0.543,1344.9,29.033,950.1,1.059,1.147,601.9,518.4
optimized-binary,64,ladder,750,3,3,749.833,749.6,750,0,4.979,10.223,11.487,14.863,18.015,23.171,24.5,326.867,0.791,1489.667,28.7,1149.233,1.378,1.775,539.433,519.033
optimized-binary,64,ladder,1000,3,3,999.8,999.4,1000,0,6.351,9.847,11.319,15.215,29.247,46.552,29.8,297.967,0.885,1682.667,28.633,1316.567,1.636,2.141,503.933,519.167
optimized-binary,64,ladder,1500,3,3,1500.267,1500,1500.5,0,2.299,9.431,10.423,13.247,16.655,23.971,39.9,265.9,0.993,2603.933,29.067,1908.9,1.64,1.876,492.5,519.367
optimized-binary,64,ladder,2000,3,3,1999.9,1999.4,2000.8,0,7.635,10.663,12.071,14.791,23.903,45.247,35.733,178.667,1,1560.467,28.467,1355.267,3.537,5.391,406.667,519.7
optimized-binary,64,ladder,3000,3,3,2999.833,2998.8,3000.4,0,8.103,10.863,12.367,14.943,17.983,27.289,41.733,139.067,1,1251.267,28.267,1176.133,5.565,8.893,365.833,519.667
optimized-binary,64,ladder,4000,3,3,4000.367,3999.1,4001.2,0,5.527,10.655,12.327,15.559,19.183,25.875,52.6,131.533,1,2269.233,28.867,1945.567,4.196,6.933,379.333,519.8
optimized-binary,64,knee-fraction,5000,3,3,4999.967,4998.5,5002,0,4.227,11.599,13.191,16.311,20.911,30.335,61.467,122.967,1,2146.367,28.867,1874.667,5.369,9.634,363.933,520.3
optimized-binary,64,ladder,5000,3,3,4999.2,4997.1,5000.3,0,8.775,11.991,13.559,16.175,19.247,30.109,45.367,90.733,1,1171.033,28.267,1139.5,9.515,16.586,342.833,520.3
optimized-binary,64,ladder,6000,3,3,5999.933,5998.9,6001.9,0,9.063,12.423,13.927,16.671,20.751,29.846,51.567,85.967,1,1289.267,28.3,1229,11.287,20.173,339.9,520.567
optimized-binary,64,knee-fraction,8000,3,3,7970.967,7916.4,7999.1,0,10.559,17.567,21.839,154.367,257.279,277.975,69.433,87.5,0.997,1322.867,28.667,1097.233,19.833,32.952,332,522.867
optimized-binary,64,ladder,8000,3,3,7997.767,7997.1,7999.1,0,4.379,13.871,15.823,19.407,26.575,36.175,66.3,82.9,0.999,1819.6,28.767,1527.633,13.841,23.942,338.433,521.1
optimized-binary,64,ladder,10000,3,3,9995.1,9988.9,9999.3,0,12.559,21.919,28.303,40.639,48.351,55.82,71.067,71.1,0.988,1017.5,28.233,833.733,35.045,48.926,324.033,521.267
optimized-binary,64,ladder,12000,3,1,11869.5,11244,12365.5,0,9.671,1068.031,1170.431,1285.119,1297.407,1302.324,79.867,67.167,0.971,1149.133,28.4,918.033,34.145,46.696,323.267,521.4
optimized-binary,64,ladder,15000,3,2,13930.4,11800.4,15002.5,0,11.767,3735.551,4730.879,5378.047,5529.599,5540.594,89.033,63.8,0.98,831.9,28.4,638.3,48.504,62.079,318.933,521.7
optimized-binary,64,ladder,20000,3,0,0,0,0,1,,,,,,,,,,,,,,,,
optimized-binary,1024,ladder,100,5,5,100,100,100,0,1.569,1.944,2.349,2.899,3.897,9.619,9.62,961,0.131,300,27.72,199.94,1,1,2683.62,1478.98
optimized-binary,1024,ladder,200,5,5,200,200,200,0,1.425,4.071,4.283,7.619,9.663,14.1,15.08,753.84,0.276,599.38,28.68,399.9,1,1,2601.28,1479.68
optimized-binary,1024,ladder,300,5,5,300.02,299.9,300.1,0,4.683,8.431,9.807,12.391,16.159,25.275,17.24,574.98,0.676,863.3,28.34,589.36,1.018,1.028,2533.94,1479.52
optimized-binary,1024,ladder,500,5,5,499.96,499.9,500,0,1.161,9.375,10.247,13.239,16.263,19.115,21.92,438.72,0.633,1252.92,28.84,922.16,1.096,1.276,2510.66,1480.14
optimized-binary,1024,ladder,750,5,5,750,749.6,750.4,0,1.059,8.647,9.799,12.991,16.591,25.789,33.34,444.56,0.673,1935.14,29.22,1360.06,1.133,1.26,2505.58,1480.9
optimized-binary,1024,ladder,1000,5,5,1000.24,999.8,1000.6,0,7.595,10.623,12.375,15.631,27.999,76.693,32.42,324.26,0.925,1441.68,28.4,1196.76,1.823,2.557,2401.2,1480.66
optimized-binary,1024,ladder,1500,5,5,1499.84,1499.2,1500.3,0,7.851,10.847,12.431,15.055,18.591,37.967,35.9,239.32,0.998,1733.78,28.48,1427.04,2.376,3.352,2365.82,1481.24
optimized-binary,1024,ladder,2000,5,5,1999.34,1998.8,2000.6,0,7.243,10.559,12.127,15.063,17.775,27.796,41.08,205.44,1,2170.74,28.78,1788.44,2.364,3.344,2357.74,1481.78
optimized-binary,1024,ladder,3000,5,5,3000.04,2999.7,3000.6,0,8.311,11.335,13.055,15.879,19.375,32.053,43.56,145.24,1,1575.26,28.4,1439.56,4.816,7.842,2298.04,1481.46
optimized-binary,1024,ladder,4000,5,5,4000.24,3998.9,4001.5,0,8.423,11.943,13.823,16.735,20.383,27.606,48.58,121.38,1,1606.94,28.34,1490.38,6.074,10.609,2282.6,1481.32
optimized-binary,1024,ladder,5000,5,5,5000.28,4998.3,5003.1,0,2.645,10.495,12.071,16.087,22.095,34.251,64.34,128.66,1,2603.28,29.12,2196.62,4.605,7.912,2292.6,1481.8
optimized-binary,1024,knee-fraction,6000,5,5,6001.1,5997.6,6004.3,0,9.631,14.103,15.863,20.127,30.335,38.996,63.6,105.96,1,1344.46,28.44,1190.62,11.757,21.188,2258.78,1482.34
optimized-binary,1024,ladder,6000,5,5,6000.22,5998.4,6002.9,0,9.375,13.407,14.951,17.967,21.711,30.555,57.2,95.32,1,1502.84,28.46,1340.32,10.643,19.159,2261.88,1482
optimized-binary,1024,ladder,8000,5,5,8000.58,7996.9,8006.1,0,4.867,15.551,17.663,22.255,30.959,38.569,72.32,90.38,0.999,1637.64,28.82,1341.66,14.386,24.657,2255.08,1482.9
optimized-binary,1024,knee-fraction,9600,5,1,9203.78,8639.1,9601.5,0,886.783,2053.119,2490.367,3004.415,3053.567,3065.643,78.22,84.84,0.969,830.46,27.74,653.22,53.918,59.064,2241.86,1483.02
optimized-binary,1024,ladder,10000,5,5,10024.24,9988.8,10092.4,0,4.495,29.279,76.351,185.471,200.447,214.612,82.48,82.28,0.992,1611.32,29,1315.48,16.029,26.473,2249.84,1482.72
optimized-binary,1024,ladder,12000,5,3,10600.02,7050.1,12069.8,0,9.463,8904.703,9265.151,9625.599,9666.559,9673.897,89.68,75.82,0.989,936.44,27.62,730.52,39.992,50.835,2242.66,1475.58
optimized-binary,1024,ladder,15000,5,0,12177.38,9795,13893.7,0.088,2230.271,9740.287,10002.431,10002.431,10018.815,10031.989,83.46,68.6,0.981,525.54,27.78,395.34,61.926,65.776,2238.12,1483.62
optimized-binary,1024,ladder,20000,5,0,5364.76,0,13503,0.665,7778.303,10002.431,10002.431,10002.431,10002.431,10024.571,94.8,69.8,0.996,683.25,28.1,531.85,49.813,62.187,2240.3,1465.4
optimized-binary,16384,ladder,100,3,3,100,100,100,0,1.804,3.003,3.533,4.279,5.363,6.19,15.367,1533.667,0.167,300,27.7,199.933,1,1,33387.967,16834.8
optimized-binary,16384,ladder,200,3,3,199.967,199.9,200,0,3.989,4.723,7.755,9.839,13.943,18.032,19.067,951.933,0.427,595.733,28.267,399.733,1,1.001,33297.167,16836.667
optimized-binary,16384,ladder,300,3,3,300,299.9,300.1,0,1.665,8.055,10.111,18.351,35.807,52.449,27.633,921.033,0.543,871.067,28.767,589,1.019,1.024,33262.633,16835.3
optimized-binary,16384,ladder,500,3,3,499.933,499.7,500.2,0,1.333,9.711,11.311,15.983,28.159,41.881,32.2,643.333,0.678,1227.167,28.867,914.1,1.101,1.258,33223.033,16839.667
optimized-binary,16384,ladder,750,3,3,749.8,749.5,750,0,1.222,9.895,11.231,15.039,18.879,22.817,39.8,531.067,0.769,1745.267,28.933,1276.4,1.255,1.595,33222.633,16848.733
optimized-binary,16384,ladder,1000,3,3,1000.267,999.9,1000.5,0,3.487,10.623,12.727,16.247,25.087,49.548,47.4,474.1,0.936,1868.467,28.733,1441.233,1.502,2.056,33156.033,16836.2
optimized-binary,16384,knee-fraction,1500,3,3,1500.167,1500,1500.5,0,9.719,15.095,17.151,21.839,28.143,34.609,54.967,366.633,1,1015.3,28.1,976.133,3.317,5.774,33035.533,16840.967
optimized-binary,16384,ladder,1500,3,3,1500.033,1499.6,1500.3,0,7.875,12.687,14.695,18.143,23.295,29.5,56.5,376.7,1,1599.833,28.6,1362.5,2.408,3.81,33069.467,16835.933
optimized-binary,16384,ladder,2000,3,3,1999.967,1999.4,2000.8,0,7.483,14.351,16.463,20.799,26.527,35.015,64.133,320.733,1,1803.133,28.767,1539.867,2.598,4.077,33066.5,16841.067
optimized-binary,16384,knee-fraction,2400,3,3,2399.4,2398.4,2400.4,0,12.607,19.983,22.863,29.167,40.415,57.329,65,270.8,1,928.833,28.067,845.1,6.802,12.019,33004.4,16844.233
optimized-binary,16384,ladder,3000,3,3,3002.7,3001,3005.2,0,15.535,27.087,31.839,43.487,57.407,66.885,75.033,249.8,1,792.9,27.667,685.8,9.809,16.776,32958.3,16815.833
optimized-binary,16384,ladder,4000,3,1,3847.233,3711.7,4038.4,0,1449.983,2094.079,2254.847,2465.791,2529.279,2552.626,88.2,229.067,0.938,195.733,25,236.1,33.524,56.168,32970.233,16852.567
optimized-binary,16384,ladder,5000,3,0,3897.967,3717.5,4077.6,0.031,4915.199,7417.855,8085.503,8986.623,9215.999,9292.685,89.433,229.2,0.921,158.567,24.767,206.767,37.692,63.736,32958.333,16838.5
transport-only,1024,ladder,100,5,5,100,100,100,0,3.573,4.775,12.839,13.207,13.815,124.943,15.52,1551.44,0.224,284.64,277.74,184.66,1.083,1,2621.46,1479.12
transport-only,1024,knee-fraction,150,5,4,149.98,149.9,150.1,0,4.167,31.439,36.159,42.975,47.967,52.853,18.8,1254.26,0.488,379.36,353.98,229.42,1.5,1,2504.46,1479.38
transport-only,1024,ladder,200,5,4,199.98,199.7,200.3,0,21.119,45.375,50.143,56.511,61.343,64.523,22.4,1119.66,0.717,417.86,355.3,217.88,2.279,1,2399.84,1479.76
transport-only,1024,knee-fraction,240,5,3,239.66,239.5,239.9,0,39.647,55.519,59.903,69.695,165.759,200.749,22.88,955.34,0.88,402.04,281.56,162.1,4.233,1,2335.54,1481.66
transport-only,1024,ladder,300,5,5,299.9,299.4,300.6,0,45.087,75.711,83.903,99.263,155.903,222.435,20.8,693.04,0.873,478.82,300.26,178.9,6.403,1,2322.8,1479.92
transport-only,1024,ladder,500,5,2,489.4,458,508.4,0,228.095,2007.039,2312.191,2451.455,2607.103,2710.405,22.64,465.14,0.899,661.52,268.5,169.46,35.991,1,2284.86,1488.1
transport-only,1024,ladder,750,5,0,537.68,486.4,646.1,0.094,5005.311,9281.535,9773.055,10002.431,10002.431,10027.829,20.94,382.02,0.994,609.04,126.26,70.28,52.206,1,2247.92,1482.56
