directory,config,payload_bytes,phase,offered_rate,repetition,order_round,order_position,started_at,sentinel_median_fsync_ms,sentinel_p95_fsync_ms,sentinel_p99_fsync_ms,sentinel_samples,regime,regime_after,achieved_per_sec,error_rate,p50_ms,p99_ms,stable,leader_cpu_pct
etcd,baseline,1024,ladder,100,0,0,0,2026-10-05T16:53:59.251Z,0.361,0.569,1.4,301,fast,fast,100,0,4.443,14.175,true,26.4
etcd,optimized-http,1024,ladder,100,0,0,1,2026-10-05T16:54:32.241Z,0.369,0.596,0.695,301,fast,fast,100,0,2.075,4.623,true,17.9
etcd,etcd,1024,ladder,100,0,0,2,2026-10-05T16:55:02.185Z,0.375,0.532,0.674,301,fast,fast,100,0,1.559,3.223,true,17
etcd,optimized-binary,1024,ladder,100,0,0,3,2026-10-05T16:55:31.513Z,0.335,0.463,0.551,301,fast,fast,100,0,1.732,3.915,true,11.6
etcd,optimized-http,1024,ladder,100,1,1,0,2026-10-05T16:56:01.214Z,0.357,0.513,0.595,301,fast,fast,100,0,2.315,5.039,true,19.8
etcd,optimized-binary,1024,ladder,100,1,1,1,2026-10-05T16:56:30.854Z,0.398,0.624,0.719,301,fast,fast,100,0,1.817,3.715,true,13.5
etcd,baseline,1024,ladder,100,1,1,2,2026-10-05T16:57:00.477Z,0.38,0.554,0.686,300,fast,fast,100,0,4.747,15.423,true,26.3
etcd,etcd,1024,ladder,100,1,1,3,2026-10-05T16:57:30.171Z,0.365,0.677,0.944,301,fast,fast,100,0,1.635,3.481,true,18.9
etcd,optimized-binary,1024,ladder,100,2,2,0,2026-10-05T16:57:59.827Z,0.353,0.522,0.657,301,fast,fast,100,0,1.8,4.195,true,14.4
etcd,etcd,1024,ladder,100,2,2,1,2026-10-05T16:58:29.610Z,0.358,0.598,0.754,301,fast,fast,100,0,1.547,3.307,true,14.1
etcd,optimized-http,1024,ladder,100,2,2,2,2026-10-05T16:58:59.053Z,0.392,0.55,0.625,300,fast,fast,100,0,2.127,4.907,true,18.2
etcd,baseline,1024,ladder,100,2,2,3,2026-10-05T16:59:28.688Z,0.383,0.518,0.6,301,fast,fast,100,0,4.479,14.447,true,25.5
etcd,etcd,1024,ladder,100,3,3,0,2026-10-05T16:59:58.451Z,0.405,0.511,0.62,301,fast,fast,100,0,1.625,2.589,true,15.9
etcd,baseline,1024,ladder,100,3,3,1,2026-10-05T17:00:27.735Z,0.389,0.538,0.69,301,fast,fast,100,0,4.199,13.767,true,17.8
etcd,optimized-binary,1024,ladder,100,3,3,2,2026-10-05T17:00:57.368Z,0.363,0.498,0.551,301,fast,fast,100,0,1.766,4.479,true,13.1
etcd,optimized-http,1024,ladder,100,3,3,3,2026-10-05T17:01:27.020Z,0.362,0.522,0.613,301,fast,fast,100,0,1.994,4.587,true,19.7
etcd,baseline,1024,ladder,100,4,4,0,2026-10-05T17:01:56.584Z,0.348,0.486,0.571,301,fast,fast,100,0,4.459,15.015,true,22.7
etcd,optimized-http,1024,ladder,100,4,4,1,2026-10-05T17:02:26.231Z,0.332,0.454,0.56,301,fast,fast,100,0,2.163,5.175,true,17.6
etcd,etcd,1024,ladder,100,4,4,2,2026-10-05T17:02:56.037Z,0.378,0.503,0.614,300,fast,fast,100,0,1.695,3.365,true,14.9
etcd,optimized-binary,1024,ladder,100,4,4,3,2026-10-05T17:03:25.756Z,0.393,0.581,0.695,301,fast,fast,100,0,1.805,4.155,true,13.3
etcd,optimized-http,1024,ladder,200,0,5,0,2026-10-05T17:03:55.456Z,0.412,0.58,0.8,301,fast,intermediate,200,0,1.877,204.927,true,29.4
etcd,optimized-binary,1024,ladder,200,0,5,1,2026-10-05T17:04:25.346Z,0.627,0.809,1.059,301,intermediate,fast,200,0,1.487,2.621,true,13.9
etcd,baseline,1024,ladder,200,0,5,2,2026-10-05T17:04:55.251Z,0.368,0.605,0.689,301,fast,fast,200,0,4.719,9.319,true,42.2
etcd,etcd,1024,ladder,200,0,5,3,2026-10-05T17:05:25.139Z,0.349,0.555,2.705,301,fast,fast,200,0,1.348,2.131,true,30.7
etcd,optimized-binary,1024,ladder,200,1,6,0,2026-10-05T17:05:54.602Z,0.338,0.436,0.52,301,fast,slow,199.9,0,4.115,10.495,true,19
etcd,etcd,1024,ladder,200,1,6,1,2026-10-05T17:06:24.452Z,1.738,2.057,2.387,301,slow,slow,200,0,4.069,6.403,true,20.9
etcd,optimized-http,1024,ladder,200,1,6,2,2026-10-05T17:06:54.046Z,1.748,2.038,2.149,301,slow,fast,200,0,3.891,9.759,true,22.8
etcd,baseline,1024,ladder,200,1,6,3,2026-10-05T17:07:23.712Z,0.366,0.587,0.932,301,fast,fast,200,0,5.775,13.599,true,36.9
etcd,etcd,1024,ladder,200,2,7,0,2026-10-05T17:07:53.647Z,0.371,0.518,0.629,301,fast,intermediate,197.5,0,1.458,306.175,true,29.8
etcd,baseline,1024,ladder,200,2,7,1,2026-10-05T17:08:23.457Z,0.603,0.823,1.268,300,intermediate,fast,200.1,0,4.987,11.087,true,35.6
etcd,optimized-binary,1024,ladder,200,2,7,2,2026-10-05T17:08:53.216Z,0.394,0.583,0.724,301,fast,slow,199.9,0,2.295,8.439,true,18.4
etcd,optimized-http,1024,ladder,200,2,7,3,2026-10-05T17:09:22.807Z,1.691,2.007,2.157,301,slow,fast,200,0,3.399,9.175,true,18.9
etcd,baseline,1024,ladder,200,3,8,0,2026-10-05T17:09:52.591Z,0.321,0.486,0.616,301,fast,slow,199.7,0,32.991,49.951,true,19.8
etcd,optimized-http,1024,ladder,200,3,8,1,2026-10-05T17:10:22.285Z,1.643,1.849,2.007,301,slow,fast,200,0,1.935,3.045,true,24.7
etcd,etcd,1024,ladder,200,3,8,2,2026-10-05T17:10:52.644Z,0.382,0.555,0.65,301,fast,slow,201.7,0,3.993,332.031,true,23.4
etcd,optimized-binary,1024,ladder,200,3,8,3,2026-10-05T17:11:21.978Z,1.696,1.854,2.019,301,slow,fast,200,0,1.49,8.075,true,10.9
etcd,optimized-http,1024,ladder,200,4,9,0,2026-10-05T17:11:51.606Z,0.333,0.437,0.523,301,fast,fast,200,0,1.827,3.181,true,26.7
etcd,optimized-binary,1024,ladder,200,4,9,1,2026-10-05T17:12:21.229Z,0.379,0.486,0.571,301,fast,fast,200,0,1.587,2.981,true,21.5
etcd,baseline,1024,ladder,200,4,9,2,2026-10-05T17:12:50.913Z,0.339,0.444,0.484,301,fast,fast,200,0,4.539,9.047,true,34.1
etcd,etcd,1024,ladder,200,4,9,3,2026-10-05T17:13:20.725Z,0.359,0.557,0.614,301,fast,fast,200,0,1.294,2.081,true,40.3
etcd,optimized-binary,1024,ladder,300,0,10,0,2026-10-05T17:13:50.150Z,0.308,0.422,0.496,301,fast,slow,299.9,0,5.583,11.303,true,17.4
etcd,etcd,1024,ladder,300,0,10,1,2026-10-05T17:14:19.885Z,1.915,2.283,2.405,301,slow,fast,300.1,0,2.723,8.655,true,40.9
etcd,optimized-http,1024,ladder,300,0,10,2,2026-10-05T17:14:51.166Z,0.386,0.518,0.597,301,fast,fast,300,0,1.673,2.921,true,34
etcd,baseline,1024,ladder,300,0,10,3,2026-10-05T17:15:20.952Z,0.324,0.458,0.574,301,fast,fast,299.9,0,7.015,12.071,true,47.2
etcd,etcd,1024,ladder,300,1,11,0,2026-10-05T17:15:50.707Z,0.414,0.626,0.779,301,fast,slow,299.9,0,5.743,13.287,true,41.9
etcd,baseline,1024,ladder,300,1,11,1,2026-10-05T17:16:20.161Z,1.875,2.179,2.857,300,slow,slow,300.4,0,83.007,114.943,true,21.9
etcd,optimized-binary,1024,ladder,300,1,11,2,2026-10-05T17:16:49.858Z,1.73,1.924,2.04,301,slow,fast,300.1,0,1.621,9.751,true,25.8
etcd,optimized-http,1024,ladder,300,1,11,3,2026-10-05T17:17:19.566Z,0.41,0.572,0.627,301,fast,fast,300,0,1.924,3.567,true,42.3
etcd,baseline,1024,ladder,300,2,12,0,2026-10-05T17:17:49.181Z,0.411,0.6,0.659,301,fast,fast,300.1,0,7.031,11.551,true,45.5
etcd,optimized-http,1024,ladder,300,2,12,1,2026-10-05T17:18:18.904Z,0.403,0.583,0.769,301,fast,slow,300.1,0,8.623,16.239,true,37.6
etcd,etcd,1024,ladder,300,2,12,2,2026-10-05T17:18:48.708Z,1.922,2.103,2.897,301,slow,slow,300.1,0,5.591,14.511,true,36.3
etcd,optimized-binary,1024,ladder,300,2,12,3,2026-10-05T17:19:20.211Z,1.687,2.147,2.421,301,slow,fast,300.1,0,3.741,10.559,true,22.8
etcd,optimized-http,1024,ladder,300,3,13,0,2026-10-05T17:19:49.910Z,0.397,0.499,0.606,301,fast,fast,300,0,1.943,3.905,true,44.8
etcd,optimized-binary,1024,ladder,300,3,13,1,2026-10-05T17:20:19.651Z,0.421,0.565,0.656,301,fast,fast,300,0,1.451,2.617,true,25.5
etcd,baseline,1024,ladder,300,3,13,2,2026-10-05T17:20:49.267Z,0.394,0.587,0.692,300,fast,fast,299.9,0,7.375,12.759,true,48.1
etcd,etcd,1024,ladder,300,3,13,3,2026-10-05T17:21:19.050Z,0.404,0.594,1.203,301,fast,slow,299.9,0,5.911,13.151,true,44.2
etcd,optimized-binary,1024,ladder,300,4,14,0,2026-10-05T17:21:48.476Z,1.762,2.01,2.143,301,slow,slow,299.9,0,5.743,12.103,true,19.4
etcd,etcd,1024,ladder,300,4,14,1,2026-10-05T17:22:18.313Z,1.667,2.063,2.665,301,slow,fast,300,0,1.218,1.87,true,30.5
etcd,optimized-http,1024,ladder,300,4,14,2,2026-10-05T17:22:47.778Z,0.315,0.48,0.584,300,fast,fast,300,0,1.641,3.147,true,39
etcd,baseline,1024,ladder,300,4,14,3,2026-10-05T17:23:17.577Z,0.395,0.589,0.708,301,fast,fast,300,0,6.307,10.775,true,45.8
etcd,etcd,1024,ladder,500,0,15,0,2026-10-05T17:23:47.584Z,0.345,0.671,0.788,301,fast,slow,500.1,0,9.775,15.519,true,48.2
etcd,baseline,1024,ladder,500,0,15,1,2026-10-05T17:24:17.528Z,1.801,2.153,2.345,301,slow,fast,510.3,0,277.247,535.551,true,29.1
etcd,optimized-binary,1024,ladder,500,0,15,2,2026-10-05T17:24:47.203Z,0.374,0.655,5.051,301,fast,fast,500,0,1.194,2.435,true,32.5
etcd,optimized-http,1024,ladder,500,0,15,3,2026-10-05T17:25:16.903Z,0.346,0.56,0.647,301,fast,slow,499.8,0,9.759,16.975,true,45.9
etcd,baseline,1024,ladder,500,1,16,0,2026-10-05T17:25:46.647Z,1.763,2.387,3.033,301,slow,slow,489.8,0,12.351,465.919,false,40.9
etcd,optimized-http,1024,ladder,500,1,16,1,2026-10-05T17:26:16.760Z,1.695,1.931,2.927,301,slow,fast,500.4,0,1.527,16.511,true,42.3
etcd,etcd,1024,ladder,500,1,16,2,2026-10-05T17:26:46.601Z,0.291,0.574,0.742,301,fast,fast,500,0,1.162,1.911,true,62.6
etcd,optimized-binary,1024,ladder,500,1,16,3,2026-10-05T17:27:16.058Z,0.317,0.433,0.656,301,fast,fast,500,0,1.349,7.579,true,36.4
etcd,optimized-http,1024,ladder,500,2,17,0,2026-10-05T17:27:45.652Z,0.335,0.465,0.54,301,fast,fast,500.1,0,1.784,7.463,true,60.5
etcd,optimized-binary,1024,ladder,500,2,17,1,2026-10-05T17:28:15.343Z,0.332,0.502,0.807,301,fast,slow,500,0,8.271,15.199,true,19.8
etcd,baseline,1024,ladder,500,2,17,2,2026-10-05T17:28:45.022Z,1.832,1.959,2.097,301,slow,fast,515.4,0,167.935,577.535,true,32.8
etcd,etcd,1024,ladder,500,2,17,3,2026-10-06T02:18:44.918Z,0.469,0.636,0.722,301,fast,fast,500.1,0,1.42,2.507,true,65.7
etcd,optimized-binary,1024,ladder,500,3,18,0,2026-10-06T02:19:16.237Z,0.463,0.648,0.755,301,fast,fast,499.9,0,1.39,3.309,true,28.4
etcd,etcd,1024,ladder,500,3,18,1,2026-10-06T02:19:49.268Z,0.366,0.535,0.688,300,fast,slow,499.8,0,9.407,15.679,true,41.6
etcd,optimized-http,1024,ladder,500,3,18,2,2026-10-06T02:20:18.560Z,1.685,1.857,2.019,300,slow,slow,499.9,0,9.151,16.559,true,31.5
etcd,baseline,1024,ladder,500,3,18,3,2026-10-06T02:20:48.241Z,1.844,2.099,2.177,301,slow,fast,505.3,0,169.087,283.647,true,28.7
etcd,etcd,1024,ladder,500,4,19,0,2026-10-06T02:21:18.059Z,0.352,0.508,0.709,301,fast,fast,500,0,1.097,1.664,true,43.5
etcd,baseline,1024,ladder,500,4,19,1,2026-10-06T02:21:47.508Z,0.347,0.478,0.663,301,fast,slow,492.2,0,7.411,349.439,false,43.3
etcd,optimized-binary,1024,ladder,500,4,19,2,2026-10-06T02:22:17.322Z,1.827,1.992,2.231,301,slow,slow,499.9,0,8.215,15.743,true,16.2
etcd,optimized-http,1024,ladder,500,4,19,3,2026-10-06T02:22:46.979Z,1.775,1.948,2.185,300,slow,fast,500.4,0,9.631,17.567,true,50.6
etcd,baseline,1024,ladder,750,0,20,0,2026-10-06T02:23:16.752Z,0.455,0.661,0.746,301,fast,fast,750.2,0,14.991,21.967,true,63.1
etcd,optimized-http,1024,ladder,750,0,20,1,2026-10-06T02:23:46.525Z,0.47,0.621,0.728,301,fast,slow,749.8,0,12.463,19.951,true,47.9
etcd,etcd,1024,ladder,750,0,20,2,2026-10-06T02:24:16.362Z,1.782,1.952,2.145,300,slow,fast,750.4,0,8.439,14.919,true,63.7
etcd,optimized-binary,1024,ladder,750,0,20,3,2026-10-06T02:24:45.870Z,0.368,0.581,0.771,301,fast,fast,750,0,1.194,2.515,true,33.9
etcd,optimized-http,1024,ladder,750,1,21,0,2026-10-06T02:25:15.396Z,0.365,1.693,5.171,300,fast,slow,749.6,0,9.479,17.583,true,37.7
etcd,optimized-binary,1024,ladder,750,1,21,1,2026-10-06T02:25:45.144Z,1.957,2.247,2.323,301,slow,fast,750.5,0,7.351,15.471,true,29.8
etcd,baseline,1024,ladder,750,1,21,2,2026-10-06T02:26:14.877Z,0.357,0.466,0.605,301,fast,slow,670.1,0,10.119,2967.551,false,42.9
etcd,etcd,1024,ladder,750,1,21,3,2026-10-06T02:26:47.569Z,1.723,1.929,2.099,301,slow,slow,750.1,0,9.623,55.455,true,61.3
etcd,optimized-binary,1024,ladder,750,2,22,0,2026-10-06T02:27:18.694Z,1.682,1.996,2.159,301,slow,fast,750,0,1.44,3.347,true,44.5
etcd,etcd,1024,ladder,750,2,22,1,2026-10-06T02:27:48.285Z,0.437,0.517,0.689,301,fast,slow,749.7,0,8.687,15.959,true,79.5
etcd,optimized-http,1024,ladder,750,2,22,2,2026-10-06T02:28:17.585Z,1.717,1.824,2.03,301,slow,slow,750,0,11.143,19.583,true,45.2
etcd,baseline,1024,ladder,750,2,22,3,2026-10-06T02:28:47.262Z,1.936,2.211,2.495,301,slow,fast,810,0,3915.775,6070.271,false,31.4
etcd,etcd,1024,ladder,750,3,23,0,2026-10-06T02:29:17.454Z,0.52,0.807,0.925,301,intermediate,fast,750,0,1.17,1.907,true,80.3
etcd,baseline,1024,ladder,750,3,23,1,2026-10-06T02:29:47.137Z,0.333,0.548,0.639,301,fast,slow,432.3,0.3777333333333333,8073.215,10002.431,false,25.3
etcd,optimized-binary,1024,ladder,750,3,23,2,2026-10-06T02:30:26.629Z,1.833,2.143,2.275,301,slow,fast,750.4,0,1.681,13.295,true,33
etcd,optimized-http,1024,ladder,750,3,23,3,2026-10-06T02:31:02.920Z,0.357,0.572,0.623,300,fast,fast,750,0,1.567,4.719,true,66.1
etcd,baseline,1024,ladder,750,4,24,0,2026-10-06T02:31:32.558Z,0.346,0.503,0.663,301,fast,slow,472.1,0.32053333333333334,7860.223,10002.431,false,19.9
etcd,optimized-http,1024,ladder,750,4,24,1,2026-10-06T02:32:12.130Z,1.689,1.935,3.179,301,slow,slow,750,0,9.759,17.487,true,39.4
etcd,etcd,1024,ladder,750,4,24,2,2026-10-06T02:32:41.853Z,1.887,2.093,2.175,301,slow,intermediate,750.2,0,7.731,13.983,true,77.9
etcd,optimized-binary,1024,ladder,750,4,24,3,2026-10-06T02:33:11.358Z,0.496,0.746,0.902,301,fast,fast,750,0,1.359,3.889,true,49.5
etcd,optimized-http,1024,ladder,1000,0,25,0,2026-10-06T02:33:40.958Z,0.509,0.785,0.956,301,intermediate,slow,1000.2,0,9.847,17.375,true,41.6
etcd,optimized-binary,1024,ladder,1000,0,25,1,2026-10-06T02:34:10.621Z,1.732,2.045,2.209,301,slow,slow,1000.1,0,8.135,15.359,true,27.4
etcd,baseline,1024,ladder,1000,0,25,2,2026-10-06T02:34:40.197Z,1.708,1.895,2.087,301,slow,slow,503.6,0.40805,9248.767,10002.431,false,18.5
etcd,etcd,1024,ladder,1000,0,25,3,2026-10-06T02:35:19.864Z,0.623,2.085,2.331,301,intermediate,fast,1000.4,0,1.242,2.485,true,94.6
etcd,optimized-binary,1024,ladder,1000,1,26,0,2026-10-06T02:35:49.532Z,0.377,0.552,0.666,301,fast,slow,1000,0,8.231,14.871,true,23.7
etcd,etcd,1024,ladder,1000,1,26,1,2026-10-06T02:36:19.135Z,1.741,1.911,2.137,301,slow,slow,999.9,0,8.351,14.471,true,82.7
etcd,optimized-http,1024,ladder,1000,1,26,2,2026-10-06T02:36:48.631Z,1.676,1.8,1.896,301,slow,slow,1000,0,9.151,17.423,true,55
etcd,baseline,1024,ladder,1000,1,26,3,2026-10-06T02:37:18.309Z,1.671,1.873,1.974,301,slow,slow,463,0.5477,10002.431,10002.431,false,22.6
etcd,etcd,1024,ladder,1000,2,27,0,2026-10-06T02:37:58.021Z,1.65,1.791,1.901,301,slow,slow,1000.1,0,9.207,14.623,true,55.5
etcd,baseline,1024,ladder,1000,2,27,1,2026-10-06T02:38:27.257Z,1.657,1.764,1.849,301,slow,fast,1119.4,0,3839.999,6836.223,false,35.7
etcd,optimized-binary,1024,ladder,1000,2,27,2,2026-10-06T02:38:57.026Z,0.363,0.536,0.63,301,fast,fast,1000,0,1.081,2.509,true,47.6
etcd,optimized-http,1024,ladder,1000,2,27,3,2026-10-06T02:39:26.762Z,0.341,0.445,0.551,301,fast,slow,1000.2,0,10.135,18.079,true,41.2
etcd,baseline,1024,ladder,1000,3,28,0,2026-10-06T02:39:56.386Z,1.674,1.815,1.901,301,slow,fast,739.8,0.20675,7053.311,10002.431,false,25.1
etcd,optimized-http,1024,ladder,1000,3,28,1,2026-10-06T02:40:28.046Z,0.363,0.508,0.609,301,fast,slow,999.6,0,2.987,15.767,true,60.8
etcd,etcd,1024,ladder,1000,3,28,2,2026-10-06T02:40:57.752Z,1.885,3.103,8.511,301,slow,slow,1000,0,8.487,14.511,true,75.9
etcd,optimized-binary,1024,ladder,1000,3,28,3,2026-10-06T02:41:27.042Z,1.806,1.961,2.081,301,slow,slow,1000.1,0,8.279,15.487,true,22.9
etcd,optimized-http,1024,ladder,1000,4,29,0,2026-10-06T02:41:56.610Z,1.672,1.835,2.034,300,slow,fast,1000.4,0,2.727,12.927,true,69.3
etcd,optimized-binary,1024,ladder,1000,4,29,1,2026-10-06T02:42:26.195Z,0.35,0.613,5.167,301,fast,slow,1000.2,0,8.375,15.495,true,26.9
etcd,baseline,1024,ladder,1000,4,29,2,2026-10-06T02:42:55.847Z,1.713,1.874,2.006,301,slow,intermediate,1052.8,0,4132.863,6508.543,false,39.6
etcd,etcd,1024,ladder,1000,4,29,3,2026-10-06T02:43:26.296Z,0.496,0.763,0.922,301,fast,slow,999.5,0,1.448,10.879,true,130.5
etcd,optimized-http,1024,ladder,1500,0,30,0,2026-10-06T02:43:55.923Z,2.051,2.337,2.779,301,slow,intermediate,1500.6,0,13.519,21.935,true,63.6
etcd,optimized-binary,1024,ladder,1500,0,30,1,2026-10-06T02:44:25.763Z,0.512,0.776,0.998,301,intermediate,slow,1500,0,9.247,16.447,true,40.4
etcd,etcd,1024,ladder,1500,0,30,2,2026-10-06T02:44:55.668Z,1.815,2.115,2.471,301,slow,fast,1500.7,0,1.469,13.647,true,120.9
etcd,optimized-binary,1024,ladder,1500,1,31,0,2026-10-06T02:45:25.192Z,0.348,0.563,0.731,301,fast,slow,1500.5,0,8.567,15.439,true,28.6
etcd,etcd,1024,ladder,1500,1,31,1,2026-10-06T02:45:55.047Z,1.71,2.04,2.385,301,slow,intermediate,1500.5,0,1.748,13.887,true,130.1
etcd,optimized-http,1024,ladder,1500,1,31,2,2026-10-06T02:46:24.791Z,0.54,0.821,1.045,301,intermediate,slow,1499.5,0,14.871,25.407,true,59.1
etcd,etcd,1024,ladder,1500,2,32,0,2026-10-06T02:46:54.895Z,1.97,2.259,2.477,301,slow,fast,1500.5,0,1.557,13.983,true,123.6
etcd,optimized-http,1024,ladder,1500,2,32,1,2026-10-06T02:47:24.410Z,0.354,0.679,1.666,301,fast,slow,1499.8,0,11.663,18.943,true,46
etcd,optimized-binary,1024,ladder,1500,2,32,2,2026-10-06T02:47:53.998Z,1.872,2.121,2.453,301,slow,fast,1501,0,3.229,14.695,true,51.4
etcd,etcd,1024,ladder,1500,3,33,0,2026-10-06T02:48:23.812Z,0.521,0.765,0.909,301,intermediate,slow,1499.3,0,8.263,15.407,true,134
etcd,optimized-binary,1024,ladder,1500,3,33,1,2026-10-06T02:48:53.282Z,1.72,1.913,2.189,301,slow,slow,1500.2,0,8.647,15.975,true,28.8
etcd,optimized-http,1024,ladder,1500,3,33,2,2026-10-06T02:49:22.934Z,1.762,1.984,2.101,301,slow,slow,1500.1,0,11.919,20.255,true,46.7
etcd,optimized-http,1024,ladder,1500,4,34,0,2026-10-06T02:49:52.771Z,1.656,1.812,1.915,301,slow,fast,1499.9,0,4.719,17.327,true,74.2
etcd,etcd,1024,ladder,1500,4,34,1,2026-10-06T02:50:22.596Z,0.336,0.441,0.553,301,fast,slow,1500,0,9.303,15.199,true,76.8
etcd,optimized-binary,1024,ladder,1500,4,34,2,2026-10-06T02:50:51.920Z,1.796,2.103,2.283,301,slow,fast,1500.2,0,3.107,14.815,true,54.2
etcd,optimized-binary,1024,ladder,2000,0,35,0,2026-10-06T02:51:21.757Z,0.508,0.754,0.87,301,intermediate,slow,2000.3,0,9.439,16.687,true,40.1
etcd,optimized-http,1024,ladder,2000,0,35,1,2026-10-06T02:51:51.411Z,1.993,2.265,2.493,301,slow,intermediate,2000.9,0,14.047,22.591,true,73
etcd,etcd,1024,ladder,2000,0,35,2,2026-10-06T02:52:21.428Z,0.544,0.764,0.891,300,intermediate,slow,1999.8,0,9.711,16.975,true,153
etcd,optimized-http,1024,ladder,2000,1,36,0,2026-10-06T02:52:50.913Z,1.85,2.241,3.509,300,slow,slow,2000.4,0,11.279,19.759,true,67.4
etcd,optimized-binary,1024,ladder,2000,1,36,1,2026-10-06T02:53:20.583Z,1.909,2.121,2.261,301,slow,fast,2000.5,0,7.239,14.943,true,45.6
etcd,etcd,1024,ladder,2000,1,36,2,2026-10-06T02:53:50.446Z,0.354,0.613,0.698,300,fast,slow,2000.3,0,9.287,15.223,true,105.3
etcd,optimized-binary,1024,ladder,2000,2,37,0,2026-10-06T02:54:19.767Z,1.67,1.843,1.946,301,slow,slow,2000.3,0,2.273,13.903,true,46.3
etcd,etcd,1024,ladder,2000,2,37,1,2026-10-06T02:54:49.424Z,1.734,5.171,8.447,301,slow,slow,2000.3,0,8.175,14.487,true,135.3
etcd,optimized-http,1024,ladder,2000,2,37,2,2026-10-06T02:55:18.816Z,1.867,2.149,2.725,301,slow,fast,2000.1,0,10.383,18.431,true,65.5
etcd,etcd,1024,ladder,2000,3,38,0,2026-10-06T02:55:48.585Z,0.349,0.564,0.803,301,fast,slow,1999.2,0,9.151,15.183,true,116.9
etcd,optimized-http,1024,ladder,2000,3,38,1,2026-10-06T02:56:18.163Z,1.72,2.089,2.999,301,slow,slow,1999.4,0,11.823,18.767,true,44.3
etcd,optimized-binary,1024,ladder,2000,3,38,2,2026-10-06T02:56:47.882Z,1.745,1.955,2.287,301,slow,slow,1998.3,0,2.213,14.527,true,45.2
etcd,etcd,1024,ladder,2000,4,39,0,2026-10-06T02:57:17.696Z,1.825,2.053,2.289,301,slow,fast,2000.5,0,7.763,15.495,true,134.8
etcd,optimized-binary,1024,ladder,2000,4,39,1,2026-10-06T02:57:47.091Z,0.363,0.49,0.598,301,fast,slow,2000.3,0,9.007,26.511,true,33.3
etcd,optimized-http,1024,ladder,2000,4,39,2,2026-10-06T02:58:16.806Z,1.734,2.161,3.121,301,slow,slow,1999.5,0,11.815,19.391,true,53.1
etcd,optimized-http,1024,ladder,3000,0,40,0,2026-10-06T02:58:46.701Z,1.743,1.94,2.093,301,slow,fast,2999.8,0,13.447,25.983,true,82.9
etcd,etcd,1024,ladder,3000,0,40,1,2026-10-06T02:59:16.536Z,0.37,1.258,5.307,301,fast,slow,2998.8,0,8.783,15.839,true,186.1
etcd,optimized-binary,1024,ladder,3000,0,40,2,2026-10-06T02:59:45.837Z,1.809,2.063,2.195,301,slow,slow,2999.8,0,8.839,17.151,true,45.6
etcd,optimized-binary,1024,ladder,3000,1,41,0,2026-10-06T03:00:15.452Z,1.709,1.874,2.257,301,slow,slow,3000.1,0,8.071,18.223,true,52.3
etcd,optimized-http,1024,ladder,3000,1,41,1,2026-10-06T03:00:45.123Z,1.748,2.005,5.195,301,slow,slow,2999.7,0,17.807,27.167,true,71.7
etcd,etcd,1024,ladder,3000,1,41,2,2026-10-06T03:01:15.068Z,1.734,1.952,2.085,301,slow,slow,2999.9,0,2.767,15.663,true,233
etcd,optimized-http,1024,ladder,3000,2,42,0,2026-10-06T03:01:46.661Z,1.745,1.955,2.097,301,slow,slow,3000.6,0,18.127,27.439,true,64.7
etcd,optimized-binary,1024,ladder,3000,2,42,1,2026-10-06T03:02:16.429Z,1.669,1.91,2.007,301,slow,slow,3000.6,0,8.879,15.607,true,36.1
etcd,etcd,1024,ladder,3000,2,42,2,2026-10-06T03:02:46.324Z,1.748,2.183,5.279,301,slow,slow,3000.1,0,7.487,15.127,true,171.3
etcd,optimized-binary,1024,ladder,3000,3,43,0,2026-10-06T03:03:16.071Z,1.822,1.999,2.121,301,slow,slow,3000.1,0,4.017,14.807,true,48.4
etcd,etcd,1024,ladder,3000,3,43,1,2026-10-06T03:03:45.872Z,1.904,2.149,2.295,301,slow,slow,3000,0,7.579,14.415,true,187.7
etcd,optimized-http,1024,ladder,3000,3,43,2,2026-10-06T03:04:15.238Z,1.835,2,2.303,301,slow,slow,3000.7,0,12.951,21.215,true,59.8
etcd,etcd,1024,ladder,3000,4,44,0,2026-10-06T03:04:45.211Z,1.889,2.113,2.251,301,slow,slow,2999.8,0,7.899,15.039,true,171.8
etcd,optimized-http,1024,ladder,3000,4,44,1,2026-10-06T03:05:14.577Z,1.852,2.151,2.399,301,slow,fast,3000.3,0,12.255,19.295,true,73.6
etcd,optimized-binary,1024,ladder,3000,4,44,2,2026-10-06T03:05:44.219Z,0.357,0.579,0.979,301,fast,slow,3000.3,0,9.007,16.511,true,32.3
etcd,etcd,1024,ladder,4000,0,45,0,2026-10-06T03:06:14.036Z,1.866,2.091,2.171,301,slow,slow,4000.3,0,8.999,17.087,true,181.9
etcd,optimized-binary,1024,ladder,4000,0,45,1,2026-10-06T03:06:43.514Z,1.943,2.195,2.371,301,slow,fast,4001.5,0,7.663,15.087,true,48.1
etcd,optimized-http,1024,ladder,4000,0,45,2,2026-10-06T03:07:13.285Z,0.354,0.514,0.598,300,fast,slow,3999.1,0,13.743,21.551,true,54
etcd,optimized-http,1024,ladder,4000,1,46,0,2026-10-06T03:07:43.011Z,1.683,1.906,2.013,301,slow,fast,3999.7,0,12.983,20.271,true,72.7
etcd,etcd,1024,ladder,4000,1,46,1,2026-10-06T03:08:12.757Z,0.347,5.015,5.663,301,fast,slow,4000,0,9.287,15.831,true,172.7
etcd,optimized-binary,1024,ladder,4000,1,46,2,2026-10-06T03:08:42.105Z,1.648,1.857,2.013,301,slow,slow,3999.8,0,8.879,16.087,true,39.6
etcd,optimized-binary,1024,ladder,4000,2,47,0,2026-10-06T03:09:11.752Z,1.713,1.907,2.069,301,slow,slow,4000.4,0,8.975,15.679,true,39.1
etcd,optimized-http,1024,ladder,4000,2,47,1,2026-10-06T03:09:41.405Z,1.744,2.157,2.369,301,slow,fast,4000.1,0,12.935,20.447,true,71.2
etcd,etcd,1024,ladder,4000,2,47,2,2026-10-06T03:10:11.188Z,0.338,0.471,0.661,301,fast,slow,3998.5,0,8.863,15.935,true,198.1
etcd,optimized-http,1024,ladder,4000,3,48,0,2026-10-06T03:10:40.697Z,1.784,2.097,3.403,301,slow,slow,4000.5,0,13.791,20.703,true,55.1
etcd,optimized-binary,1024,ladder,4000,3,48,1,2026-10-06T03:11:10.458Z,1.681,1.879,1.991,301,slow,slow,3998.7,0,2.645,15.895,true,53.1
etcd,etcd,1024,ladder,4000,3,48,2,2026-10-06T03:11:40.246Z,1.81,1.982,2.195,301,slow,slow,4000,0,9.463,16.831,true,155.4
etcd,optimized-binary,1024,ladder,4000,4,49,0,2026-10-06T03:12:09.647Z,1.927,2.263,2.789,301,slow,fast,4001.6,0,7.591,14.711,true,49.1
etcd,etcd,1024,ladder,4000,4,49,1,2026-10-06T03:12:39.399Z,0.314,0.466,0.578,301,fast,slow,3998.8,0,8.903,15.831,true,166.5
etcd,optimized-http,1024,ladder,4000,4,49,2,2026-10-06T03:13:09.199Z,1.983,2.707,3.753,300,slow,slow,4000.8,0,13.975,21.967,true,51.9
etcd,etcd,1024,ladder,5000,0,50,0,2026-10-06T03:13:39.027Z,2.029,2.339,6.335,301,slow,slow,4999.7,0,4.743,15.303,true,246.3
etcd,optimized-http,1024,ladder,5000,0,50,1,2026-10-06T03:14:08.461Z,1.837,2.063,2.301,301,slow,slow,4999.6,0,15.439,23.743,true,57.7
etcd,optimized-binary,1024,ladder,5000,0,50,2,2026-10-06T03:14:38.122Z,1.694,2.161,2.739,300,slow,slow,5000,0,9.103,16.079,true,45.4
etcd,etcd,1024,ladder,5000,1,51,0,2026-10-06T03:15:07.935Z,1.769,5.231,6.527,301,slow,slow,4997.8,0,8.911,16.623,true,218.7
etcd,optimized-binary,1024,ladder,5000,1,51,1,2026-10-06T03:15:37.359Z,1.85,2.101,2.375,301,slow,slow,5001.6,0,9.407,17.263,true,41.3
etcd,optimized-http,1024,ladder,5000,1,51,2,2026-10-06T03:16:07.092Z,1.945,2.171,2.307,301,slow,fast,5001.4,0,14.863,22.079,true,79.2
etcd,optimized-http,1024,ladder,5000,2,52,0,2026-10-06T03:16:37.498Z,0.341,0.451,0.531,301,fast,slow,4999.6,0,14.863,22.767,true,83.7
etcd,etcd,1024,ladder,5000,2,52,1,2026-10-06T03:17:07.339Z,1.686,2.611,3.491,301,slow,slow,4999.9,0,9.511,16.655,true,211.5
etcd,optimized-binary,1024,ladder,5000,2,52,2,2026-10-06T03:17:37.149Z,1.83,2.221,3.143,300,slow,slow,4999.8,0,8.711,16.911,true,48.9
etcd,optimized-binary,1024,ladder,5000,3,53,0,2026-10-06T03:18:06.834Z,1.935,2.159,2.459,300,slow,fast,5001.6,0,7.403,16.063,true,53.4
etcd,optimized-http,1024,ladder,5000,3,53,1,2026-10-06T03:18:36.562Z,0.334,0.519,0.703,301,fast,slow,5001.1,0,15.503,23.663,true,62.5
etcd,etcd,1024,ladder,5000,3,53,2,2026-10-06T03:39:18.351Z,1.682,1.907,2.203,300,slow,slow,5001.6,0,7.319,15.991,true,232.3
etcd,optimized-http,1024,ladder,5000,4,54,0,2026-10-06T03:39:49.683Z,1.859,2.129,2.387,301,slow,slow,5000.1,0,14.831,22.575,true,56.5
etcd,optimized-binary,1024,ladder,5000,4,54,1,2026-10-06T03:40:19.475Z,1.708,2.711,5.971,301,slow,slow,4999.4,0,2.629,15.463,true,59.9
etcd,etcd,1024,ladder,5000,4,54,2,2026-10-06T03:40:49.245Z,1.676,1.87,2.213,301,slow,slow,5000.1,0,9.679,16.943,true,190.6
etcd,optimized-binary,1024,ladder,6000,0,55,0,2026-10-06T03:41:18.697Z,1.755,2.036,2.139,301,slow,slow,5997.9,0,9.847,17.151,true,50.6
etcd,etcd,1024,ladder,6000,0,55,1,2026-10-06T03:41:48.587Z,2.041,2.387,2.617,300,slow,slow,5999.9,0,7.635,16.343,true,275.1
etcd,optimized-http,1024,ladder,6000,0,55,2,2026-10-06T03:42:17.975Z,1.861,2.243,2.413,301,slow,slow,6005.1,0,17.407,28.575,true,65.2
etcd,etcd,1024,ladder,6000,1,56,0,2026-10-06T03:42:47.939Z,1.886,3.431,7.307,301,slow,slow,5999,0,9.407,17.727,true,224.1
etcd,optimized-http,1024,ladder,6000,1,56,1,2026-10-06T03:43:17.676Z,1.731,2.105,2.225,301,slow,slow,6000.3,0,16.831,24.847,true,69
etcd,optimized-binary,1024,ladder,6000,1,56,2,2026-10-06T03:43:47.489Z,1.773,2.024,2.349,300,slow,slow,5998.1,0,4.399,17.695,true,63.7
etcd,etcd,1024,ladder,6000,2,57,0,2026-10-06T03:44:17.174Z,1.867,2.119,2.325,301,slow,slow,6000.3,0,9.639,18.271,true,234.7
etcd,optimized-binary,1024,ladder,6000,2,57,1,2026-10-06T03:44:46.705Z,1.788,2.205,2.357,301,slow,slow,6000.1,0,9.495,17.071,true,52.9
etcd,optimized-http,1024,ladder,6000,2,57,2,2026-10-06T03:45:16.499Z,1.709,2.173,3.069,301,slow,slow,5999.4,0,17.311,25.119,true,67.1
etcd,optimized-http,1024,ladder,6000,3,58,0,2026-10-06T03:45:46.243Z,1.964,2.219,2.413,301,slow,fast,6000.5,0,16.847,25.951,true,79.2
etcd,etcd,1024,ladder,6000,3,58,1,2026-10-06T03:46:16.241Z,0.353,0.481,0.628,301,fast,slow,5997.4,0,9.135,17.535,true,247.7
etcd,optimized-binary,1024,ladder,6000,3,58,2,2026-10-06T03:46:45.607Z,1.839,2.113,4.255,301,slow,slow,5999.8,0,10.183,18.463,true,50.8
etcd,optimized-binary,1024,ladder,6000,4,59,0,2026-10-06T03:47:15.330Z,1.894,2.181,2.457,301,slow,fast,6001.9,0,7.103,16.103,true,56.2
etcd,optimized-http,1024,ladder,6000,4,59,1,2026-10-06T03:47:45.101Z,0.326,0.544,0.715,301,fast,slow,6000.2,0,16.767,25.791,true,91.4
etcd,etcd,1024,ladder,6000,4,59,2,2026-10-06T03:48:14.974Z,1.648,2.561,3.143,301,slow,slow,6000.3,0,9.647,18.063,true,233.4
etcd,optimized-http,1024,ladder,8000,0,60,0,2026-10-06T03:48:44.438Z,1.683,1.847,2.046,300,slow,fast,8204.7,0,701.439,1174.527,false,81.3
etcd,optimized-binary,1024,ladder,8000,0,60,1,2026-10-06T03:49:14.297Z,0.333,4.527,5.987,301,fast,slow,7998.5,0,4.427,21.631,true,69.4
etcd,etcd,1024,ladder,8000,0,60,2,2026-10-06T03:49:44.220Z,1.867,2.565,3.701,301,slow,slow,7999.9,0,9.983,23.007,true,323.8
etcd,optimized-binary,1024,ladder,8000,1,61,0,2026-10-06T03:50:13.734Z,1.763,2.055,2.361,301,slow,fast,8001,0,2.873,17.359,true,78.2
etcd,etcd,1024,ladder,8000,1,61,1,2026-10-06T03:50:43.506Z,0.325,0.564,1.856,301,fast,slow,7999.3,0,10.191,27.311,true,308
etcd,optimized-http,1024,ladder,8000,1,61,2,2026-10-06T03:51:12.988Z,1.77,2.034,2.249,301,slow,fast,8286,0,1052.671,1618.943,false,77.3
etcd,etcd,1024,ladder,8000,2,62,0,2026-10-06T03:51:42.829Z,0.349,0.524,0.858,301,fast,slow,7997,0,9.447,23.727,true,349.7
etcd,optimized-http,1024,ladder,8000,2,62,1,2026-10-06T03:52:12.204Z,1.765,2.205,3.183,300,slow,slow,7526.6,0,1222.655,1831.935,false,69.2
etcd,optimized-binary,1024,ladder,8000,2,62,2,2026-10-06T03:52:43.747Z,1.747,2.007,2.193,301,slow,slow,7999.5,0,11.551,21.439,true,58
etcd,etcd,1024,ladder,8000,3,63,0,2026-10-06T03:53:13.537Z,1.753,2.191,2.345,301,slow,slow,8000.2,0,9.439,19.839,true,302.6
etcd,optimized-binary,1024,ladder,8000,3,63,1,2026-10-06T03:53:43.236Z,1.661,1.901,2.679,301,slow,slow,8001.4,0,12.151,21.791,true,58.8
etcd,optimized-http,1024,ladder,8000,3,63,2,2026-10-06T03:54:13.027Z,1.719,2.319,3.247,301,slow,slow,7525.9,0,1396.735,1858.559,false,67.6
etcd,optimized-http,1024,ladder,8000,4,64,0,2026-10-06T03:54:44.612Z,0.358,2.205,2.503,301,fast,slow,7672.3,0,446.975,858.623,false,76
etcd,etcd,1024,ladder,8000,4,64,1,2026-10-06T03:55:15.197Z,1.672,1.974,2.605,301,slow,slow,8001.4,0,9.799,20.047,true,326.1
etcd,optimized-binary,1024,ladder,8000,4,64,2,2026-10-06T03:55:44.634Z,1.746,2.055,2.545,301,slow,fast,8003.4,0,4.651,21.103,true,68.2
etcd,optimized-binary,1024,ladder,10000,0,65,0,2026-10-06T03:56:14.390Z,0.347,0.514,0.727,301,fast,slow,9995,0,16.119,31.487,true,61.6
etcd,optimized-http,1024,ladder,10000,0,65,1,2026-10-06T03:56:44.885Z,1.773,2.047,3.593,301,slow,slow,7485,0,5156.863,8191.999,false,67.1
etcd,etcd,1024,ladder,10000,0,65,2,2026-10-06T03:57:23.156Z,1.876,2.297,2.527,301,slow,slow,10014.4,0,59.999,153.855,true,385.1
etcd,optimized-http,1024,ladder,10000,1,66,0,2026-10-06T03:57:52.731Z,1.735,1.985,2.073,301,slow,fast,8920.1,0,3749.887,4591.615,false,73.1
etcd,optimized-binary,1024,ladder,10000,1,66,1,2026-10-06T03:58:25.426Z,0.34,0.596,0.694,301,fast,slow,9990.5,0,3.989,28.143,true,80.5
etcd,etcd,1024,ladder,10000,1,66,2,2026-10-06T03:58:55.235Z,1.922,2.443,5.443,301,slow,slow,9765.6,0,510.975,698.879,false,316.1
etcd,optimized-binary,1024,ladder,10000,2,67,0,2026-10-06T03:59:25.924Z,1.777,2.105,2.719,301,slow,fast,10079.1,0,20.751,130.111,true,67.3
etcd,etcd,1024,ladder,10000,2,67,1,2026-10-06T03:59:55.690Z,0.348,0.607,0.804,301,fast,slow,9504.3,0,398.079,1060.863,false,349.8
etcd,optimized-http,1024,ladder,10000,2,67,2,2026-10-06T04:00:26.221Z,1.753,2.003,2.261,301,slow,slow,7454.9,0,5394.431,8384.511,false,67.5
etcd,etcd,1024,ladder,10000,3,68,0,2026-10-06T04:01:04.574Z,1.822,2.169,2.417,301,slow,slow,9943.9,0,11.359,154.239,false,384.5
etcd,optimized-http,1024,ladder,10000,3,68,1,2026-10-06T04:01:34.549Z,1.708,1.942,2.177,301,slow,fast,9282.8,0,3071.999,3954.687,false,79.5
etcd,optimized-binary,1024,ladder,10000,3,68,2,2026-10-06T04:02:06.530Z,0.345,0.456,0.546,301,fast,slow,9991,0,4.093,38.367,false,78.3
etcd,etcd,1024,ladder,10000,4,69,0,2026-10-06T04:02:36.406Z,1.757,2.097,2.179,301,slow,slow,9643.5,0,868.863,1079.295,false,275
etcd,optimized-binary,1024,ladder,10000,4,69,1,2026-10-06T04:03:09.075Z,1.694,2.023,2.403,301,slow,fast,10076.2,0,18.527,156.671,true,73.7
etcd,optimized-http,1024,ladder,10000,4,69,2,2026-10-06T04:03:38.812Z,0.358,0.531,0.606,301,fast,fast,9984.9,0,17.903,45.503,true,98.3
etcd,optimized-binary,1024,ladder,12000,0,70,0,2026-10-06T04:04:08.640Z,0.346,0.448,0.513,301,fast,fast,11998,0,5.235,14.255,true,85.5
etcd,etcd,1024,ladder,12000,0,70,1,2026-10-06T04:04:38.444Z,0.341,0.487,0.636,301,fast,slow,9436,0,3887.103,6746.111,false,249.7
etcd,etcd,1024,ladder,12000,1,71,0,2026-10-06T04:05:14.794Z,1.736,2.042,2.581,301,slow,slow,11604.5,0,3.141,2174.975,false,477.7
etcd,optimized-binary,1024,ladder,12000,1,71,1,2026-10-06T04:05:46.549Z,1.814,2.119,2.311,301,slow,slow,10261,0,2953.215,4534.271,false,66.8
etcd,optimized-binary,1024,ladder,12000,2,72,0,2026-10-06T04:06:21.007Z,1.764,2.077,2.263,301,slow,slow,10137.5,0,3012.607,4661.247,false,66
etcd,etcd,1024,ladder,12000,2,72,1,2026-10-06T04:06:55.532Z,1.7,1.891,2.045,301,slow,slow,10106.1,0,2711.551,4939.775,false,320.8
etcd,etcd,1024,ladder,12000,3,73,0,2026-10-06T04:07:30.182Z,1.758,2.019,2.243,301,slow,slow,10401.8,0,2320.383,4624.383,false,298
etcd,optimized-binary,1024,ladder,12000,3,73,1,2026-10-06T04:08:04.480Z,1.704,2.131,2.539,301,slow,fast,10518.4,0,2557.951,3663.871,false,69.2
etcd,optimized-binary,1024,ladder,12000,4,74,0,2026-10-06T04:08:37.831Z,0.324,0.498,0.644,301,fast,fast,11998.8,0,4.803,12.927,true,89.5
etcd,etcd,1024,ladder,12000,4,74,1,2026-10-06T04:09:07.756Z,0.359,5.291,5.603,301,fast,slow,9569,0,3244.031,6197.247,false,295.9
etcd,optimized-binary,1024,ladder,15000,0,75,0,2026-10-06T04:09:43.686Z,1.814,2.397,2.951,301,slow,fast,10981.2,0,6881.279,7368.703,false,75
etcd,optimized-binary,1024,ladder,15000,1,76,0,2026-10-06T04:10:20.862Z,0.398,2.121,5.323,301,fast,fast,13935.4,0,1628.159,2138.111,false,91.6
etcd,optimized-binary,1024,ladder,15000,2,77,0,2026-10-06T04:10:52.752Z,0.345,2.004,6.467,301,fast,fast,14029.6,0,1512.447,2044.927,false,93.3
etcd,optimized-binary,1024,ladder,15000,3,78,0,2026-10-06T04:11:24.452Z,0.358,2.151,6.583,301,fast,fast,14081.6,0,1353.727,1844.223,false,91.8
etcd,optimized-binary,1024,ladder,15000,4,79,0,2026-10-06T04:11:56.272Z,0.363,0.542,0.668,301,fast,fast,14105.9,0,1422.335,1905.663,false,92
etcd,baseline,1024,knee-fraction,250,0,80,0,2026-10-06T04:12:28.053Z,0.339,0.601,0.779,301,fast,slow,249.5,0,40.255,60.831,false,17.2
etcd,optimized-http,1024,knee-fraction,3000,0,80,1,2026-10-06T04:12:57.765Z,1.696,1.88,2.016,301,slow,slow,3000.4,0,12.943,20.383,true,48.9
etcd,etcd,1024,knee-fraction,4000,0,80,2,2026-10-06T04:13:27.668Z,1.875,5.147,8.207,301,slow,slow,3999.3,0,8.187,15.743,true,214.9
etcd,optimized-binary,1024,knee-fraction,5000,0,80,3,2026-10-06T04:13:57.222Z,1.665,1.838,1.976,301,slow,fast,5002.3,0,3.937,16.231,true,63.2
etcd,optimized-http,1024,knee-fraction,3000,1,81,0,2026-10-06T04:14:27.052Z,0.343,0.46,0.586,301,fast,slow,3000.3,0,13.695,22.591,true,54.2
etcd,optimized-binary,1024,knee-fraction,5000,1,81,1,2026-10-06T04:14:56.763Z,1.822,2.641,3.343,301,slow,slow,5000.4,0,9.959,18.591,true,47.3
etcd,baseline,1024,knee-fraction,250,1,81,2,2026-10-06T04:15:26.633Z,1.666,1.833,1.98,300,slow,fast,250.4,0,8.631,241.279,true,31.3
etcd,etcd,1024,knee-fraction,4000,1,81,3,2026-10-06T04:15:56.438Z,0.369,0.519,0.654,300,fast,slow,3998.6,0,9.159,135.167,true,224.1
etcd,optimized-binary,1024,knee-fraction,5000,2,82,0,2026-10-06T04:16:25.794Z,1.748,1.992,2.525,300,slow,slow,5000.3,0,9.127,16.879,true,53.3
etcd,etcd,1024,knee-fraction,4000,2,82,1,2026-10-06T04:16:55.768Z,1.759,2.04,2.953,301,slow,slow,3999.5,0,8.991,16.399,true,192.7
etcd,optimized-http,1024,knee-fraction,3000,2,82,2,2026-10-06T04:17:27.465Z,1.769,1.946,2.031,301,slow,slow,2998.8,0,18.623,28.495,true,67.6
etcd,baseline,1024,knee-fraction,250,2,82,3,2026-10-06T04:17:57.388Z,1.772,1.97,2.271,301,slow,fast,250.8,0,48.703,85.951,true,26
etcd,etcd,1024,knee-fraction,4000,3,83,0,2026-10-06T04:18:27.371Z,0.464,0.594,0.745,301,fast,slow,3998.3,0,9.423,19.903,true,251.8
etcd,baseline,1024,knee-fraction,250,3,83,1,2026-10-06T04:18:56.831Z,1.934,3.467,4.255,301,slow,slow,249.9,0,60.319,81.663,true,17.9
etcd,optimized-binary,1024,knee-fraction,5000,3,83,2,2026-10-06T04:19:26.818Z,1.862,2.081,3.117,301,slow,fast,5002.4,0,4.727,16.143,true,61
etcd,optimized-http,1024,knee-fraction,3000,3,83,3,2026-10-06T04:19:56.651Z,0.382,5.271,5.463,301,fast,slow,2999.5,0,12.495,19.247,true,77.3
etcd,baseline,1024,knee-fraction,250,4,84,0,2026-10-06T04:20:26.341Z,1.771,2.079,2.219,301,slow,slow,250.2,0,56.383,77.631,true,18.9
etcd,optimized-http,1024,knee-fraction,3000,4,84,1,2026-10-06T04:20:56.027Z,1.682,1.914,2.061,301,slow,slow,3000.2,0,12.871,20.207,true,54.5
etcd,etcd,1024,knee-fraction,4000,4,84,2,2026-10-06T04:21:25.808Z,1.724,1.991,2.161,301,slow,slow,3999.4,0,9.247,16.223,true,194.8
etcd,optimized-binary,1024,knee-fraction,5000,4,84,3,2026-10-06T04:21:55.403Z,1.687,1.889,2.008,300,slow,slow,4999.9,0,5.703,15.599,true,58.4
etcd,optimized-http,1024,knee-fraction,4800,0,85,0,2026-10-06T04:22:25.225Z,1.805,1.962,2.125,300,slow,slow,4801.3,0,15.335,22.767,true,59.7
etcd,optimized-binary,1024,knee-fraction,8000,0,85,1,2026-10-06T04:22:55.174Z,1.743,1.944,2.053,301,slow,slow,7999.6,0,3.539,18.367,true,72.6
etcd,baseline,1024,knee-fraction,400,0,85,2,2026-10-06T04:23:25.036Z,1.761,2.043,2.201,300,slow,fast,402.7,0,84.735,114.943,true,21.4
etcd,etcd,1024,knee-fraction,6400,0,85,3,2026-10-06T04:23:54.735Z,0.351,0.589,0.695,301,fast,slow,6397.3,0,9.095,17.647,true,205.2
etcd,optimized-binary,1024,knee-fraction,8000,1,86,0,2026-10-06T04:24:24.258Z,1.784,2.065,2.695,301,slow,slow,8001.4,0,11.935,21.327,true,57.6
etcd,etcd,1024,knee-fraction,6400,1,86,1,2026-10-06T04:24:54.162Z,1.717,1.926,2.057,301,slow,slow,6399.8,0,3.437,16.399,true,317.5
etcd,optimized-http,1024,knee-fraction,4800,1,86,2,2026-10-06T04:25:23.757Z,1.709,1.892,2.028,301,slow,slow,4800.8,0,15.383,24.447,true,57.8
etcd,baseline,1024,knee-fraction,400,1,86,3,2026-10-06T04:25:53.490Z,1.77,1.971,2.085,300,slow,fast,402.7,0,79.807,164.735,true,22.4
etcd,etcd,1024,knee-fraction,6400,2,87,0,2026-10-06T04:26:23.321Z,0.357,0.505,0.681,301,fast,slow,6398,0,9.111,18.255,true,310.2
etcd,baseline,1024,knee-fraction,400,2,87,1,2026-10-06T04:26:52.932Z,1.895,3.417,4.631,301,slow,slow,401.4,0,167.551,262.015,true,17.1
etcd,optimized-binary,1024,knee-fraction,8000,2,87,2,2026-10-06T04:27:22.748Z,1.868,2.155,2.243,301,slow,fast,8003.7,0,3.059,16.351,true,81.4
etcd,optimized-http,1024,knee-fraction,4800,2,87,3,2026-10-06T04:27:52.538Z,0.341,0.473,0.619,301,fast,slow,4801.1,0,16.007,24.239,true,62.4
etcd,baseline,1024,knee-fraction,400,3,88,0,2026-10-06T04:28:22.253Z,1.949,2.177,2.357,301,slow,fast,402.6,0,144.255,195.583,true,20.2
etcd,optimized-http,1024,knee-fraction,4800,3,88,1,2026-10-06T04:28:51.879Z,0.35,0.555,0.649,301,fast,slow,4800.9,0,14.903,21.919,true,82.8
etcd,etcd,1024,knee-fraction,6400,3,88,2,2026-10-06T04:29:21.743Z,1.864,2.165,3.371,301,slow,slow,6399.9,0,9.775,19.103,true,305.9
etcd,optimized-binary,1024,knee-fraction,8000,3,88,3,2026-10-06T04:29:51.293Z,1.754,1.96,2.171,300,slow,fast,8003.7,0,3.173,20.927,true,76.3
etcd,optimized-http,1024,knee-fraction,4800,4,89,0,2026-10-06T04:30:21.153Z,0.351,0.528,0.677,301,fast,slow,4801.2,0,15.783,24.191,true,60.7
etcd,optimized-binary,1024,knee-fraction,8000,4,89,1,2026-10-06T04:30:50.939Z,1.875,2.147,2.891,301,slow,fast,8004.1,0,10.871,20.639,true,63.2
etcd,baseline,1024,knee-fraction,400,4,89,2,2026-10-06T04:31:20.769Z,0.341,0.489,0.578,301,fast,slow,398.6,0,5.719,87.359,true,41.5
etcd,etcd,1024,knee-fraction,6400,4,89,3,2026-10-06T04:31:50.511Z,1.854,2.119,2.339,301,slow,slow,6400.4,0,9.759,19.167,true,247
